-- phpMyAdmin SQL Dump
-- version 5.2.1
-- https://www.phpmyadmin.net/
--
-- Máy chủ: localhost:3306
-- Thời gian đã tạo: Th3 29, 2023 lúc 03:05 AM
-- Phiên bản máy phục vụ: 8.0.30
-- Phiên bản PHP: 8.1.10

SET SQL_MODE = "NO_AUTO_VALUE_ON_ZERO";
START TRANSACTION;
SET time_zone = "+00:00";


/*!40101 SET @OLD_CHARACTER_SET_CLIENT=@@CHARACTER_SET_CLIENT */;
/*!40101 SET @OLD_CHARACTER_SET_RESULTS=@@CHARACTER_SET_RESULTS */;
/*!40101 SET @OLD_COLLATION_CONNECTION=@@COLLATION_CONNECTION */;
/*!40101 SET NAMES utf8mb4 */;

--
-- Cơ sở dữ liệu: `dingmp3`
--

-- --------------------------------------------------------

--
-- Cấu trúc bảng cho bảng `albums`
--

CREATE TABLE `albums` (
  `id` bigint UNSIGNED NOT NULL,
  `name` varchar(255) COLLATE utf8mb4_unicode_ci NOT NULL,
  `thumb` varchar(255) COLLATE utf8mb4_unicode_ci NOT NULL,
  `description` longtext COLLATE utf8mb4_unicode_ci NOT NULL,
  `singer_id` int NOT NULL,
  `likes` int NOT NULL,
  `active` int NOT NULL,
  `created_at` timestamp NULL DEFAULT NULL,
  `updated_at` timestamp NULL DEFAULT NULL
) ENGINE=InnoDB DEFAULT CHARSET=utf8mb4 COLLATE=utf8mb4_unicode_ci;

--
-- Đang đổ dữ liệu cho bảng `albums`
--

INSERT INTO `albums` (`id`, `name`, `thumb`, `description`, `singer_id`, `likes`, `active`, `created_at`, `updated_at`) VALUES
(2, 'link', '/storage/uploads/2023/03/29/ab67616d0000b273be0ac2aa3ed0047463210db1.jpg', '<p>Đ&uacute;ng như c&aacute;i t&ecirc;n &quot;Link&quot; (sự kết nối), album lần n&agrave;y Ho&agrave;ng Thuỳ Linh đ&atilde; kết hợp với nhiều nghệ sĩ kh&aacute;c như Thanh Lam, T&ugrave;ng Dương, Thanh B&ugrave;i, Đen, Wren Evans v&agrave; Mew Amazing.</p>', 8, 23444, 1, '2023-03-11 07:38:38', '2023-03-28 18:00:22'),
(3, 'Dawn FM', '/storage/uploads/2023/03/29/GUEST_72019d9a-4fbb-4937-9ed4-2abae2e4c6ba.jpg', '<p><em><strong>Dawn FM</strong></em>&nbsp;l&agrave; album ph&ograve;ng thu thứ năm của ca sĩ-nhạc sĩ người Canada<a href=\"https://en.wikipedia.org/wiki/The_Weeknd\">&nbsp;the Weeknd</a>&nbsp;.&nbsp;N&oacute; được ph&aacute;t h&agrave;nh v&agrave;o ng&agrave;y 7 th&aacute;ng 1 năm 2022, th&ocirc;ng qua<a href=\"https://en.wikipedia.org/wiki/XO_(record_label)\">&nbsp;XO</a>&nbsp;v&agrave;<a href=\"https://en.wikipedia.org/wiki/Republic_Records\">&nbsp;Republic Records</a>&nbsp;.&nbsp;Album c&oacute; phần tường thuật của<a href=\"https://en.wikipedia.org/wiki/Jim_Carrey\">&nbsp;Jim Carrey</a>&nbsp;, giọng h&aacute;t kh&aacute;ch mời của<a href=\"https://en.wikipedia.org/wiki/Tyler,_the_Creator\">&nbsp;Tyler, the Creator</a>&nbsp;v&agrave;<a href=\"https://en.wikipedia.org/wiki/Lil_Wayne\">&nbsp;Lil Wayne</a>&nbsp;, v&agrave;<a href=\"https://en.wikipedia.org/wiki/Spoken_word\">&nbsp;phần lời n&oacute;i</a>&nbsp;của<a href=\"https://en.wikipedia.org/wiki/Quincy_Jones\">&nbsp;Quincy Jones</a>&nbsp;v&agrave;<a href=\"https://en.wikipedia.org/wiki/Safdie_brothers\">&nbsp;Josh Safdie</a>&nbsp;.&nbsp;Với tư c&aacute;ch l&agrave; nh&agrave; sản xuất điều h&agrave;nh của album, Weeknd,<a href=\"https://en.wikipedia.org/wiki/Max_Martin\">&nbsp;Max Martin</a>&nbsp;v&agrave;<a href=\"https://en.wikipedia.org/wiki/Oneohtrix_Point_Never\">&nbsp;Oneohtrix Point Never</a>&nbsp;đ&atilde; tuyển dụng nhiều nh&agrave; sản xuất kh&aacute;c như<a href=\"https://en.wikipedia.org/wiki/Oscar_Holter\">&nbsp;Oscar Holter</a>&nbsp;,<a href=\"https://en.wikipedia.org/wiki/Calvin_Harris\">&nbsp;Calvin Harris</a>&nbsp;v&agrave;<a href=\"https://en.wikipedia.org/wiki/Swedish_House_Mafia\">Mafia Nh&agrave; Thụy Điển</a>&nbsp;.</p>\r\n\r\n<p>The Weeknd đ&atilde; m&ocirc; tả &yacute; tưởng của album l&agrave; trạng th&aacute;i&nbsp;<a href=\"https://en.wikipedia.org/wiki/Purgatory\">luyện ngục</a>&nbsp;&mdash;một cuộc h&agrave;nh tr&igrave;nh hướng tới &quot;&aacute;nh s&aacute;ng cuối đường hầm&quot;, l&agrave; phần tiếp theo của album ph&ograve;ng thu thứ tư&nbsp;<em><a href=\"https://en.wikipedia.org/wiki/After_Hours_(The_Weeknd_album)\">After Hours</a></em>&nbsp;(2020) của anh ấy.&nbsp;Về mặt &acirc;m nhạc,&nbsp;<em>Dawn FM</em>&nbsp;l&agrave; một bản thu &acirc;m lạc quan chứa c&aacute;c b&agrave;i h&aacute;t&nbsp;<a href=\"https://en.wikipedia.org/wiki/Dance-pop\">dance-pop</a>&nbsp;v&agrave;&nbsp;<a href=\"https://en.wikipedia.org/wiki/Synth-pop\">synth-pop</a>&nbsp;lấy cảm hứng từ phong c&aacute;ch&nbsp;<a href=\"https://en.wikipedia.org/wiki/Electronic_dance_music\">nhạc dance điện tử</a>&nbsp;,&nbsp;<a href=\"https://en.wikipedia.org/wiki/Funk\">funk</a>&nbsp;v&agrave;&nbsp;<a href=\"https://en.wikipedia.org/wiki/New_wave_music\">l&agrave;n s&oacute;ng mới</a>&nbsp;của những năm 1980 .&nbsp;Album đ&atilde; nhận được sự hoan ngh&ecirc;nh rộng r&atilde;i từ c&aacute;c nh&agrave; ph&ecirc; b&igrave;nh &acirc;m nhạc, những người khen ngợi phần sản xuất v&agrave; giai điệu của n&oacute;.</p>\r\n\r\n<p>Bốn đĩa đơn&mdash;&quot;&nbsp;<a href=\"https://en.wikipedia.org/wiki/Take_My_Breath\">Take My Breath</a>&nbsp;&quot;, &quot;&nbsp;<a href=\"https://en.wikipedia.org/wiki/Sacrifice_(The_Weeknd_song)\">Sacrifice</a>&nbsp;&quot;, &quot;&nbsp;<a href=\"https://en.wikipedia.org/wiki/Out_of_Time_(The_Weeknd_song)\">Out of Time</a>&nbsp;&quot; v&agrave; &quot;&nbsp;<a href=\"https://en.wikipedia.org/wiki/Less_than_Zero_(The_Weeknd_song)\">Less than Zero</a>&nbsp;&quot;&mdash;đ&atilde; hỗ trợ cho album, với &quot;Take My Breath&quot; đạt vị tr&iacute; thứ s&aacute;u tr&ecirc;n&nbsp;<a href=\"https://en.wikipedia.org/wiki/Billboard_Hot_100\"><em>Billboard</em>&nbsp;Hot 100</a>&nbsp;của Hoa Kỳ .&nbsp;The Weeknd đ&atilde; quảng b&aacute;&nbsp;<em>Dawn FM</em>&nbsp;bằng một sự kiện&nbsp;<a href=\"https://en.wikipedia.org/wiki/Amazon_Music\">Amazon Music</a>&nbsp;v&agrave;o ng&agrave;y ph&aacute;t h&agrave;nh album, trong đ&oacute; anh ấy đ&oacute;ng vai tr&ograve; l&agrave; người chơi x&oacute;c đĩa v&agrave; ph&aacute;t album cho kh&aacute;n giả.&nbsp;Anh ấy cũng quảng b&aacute; album bằng một chương tr&igrave;nh truyền h&igrave;nh đặc biệt về &acirc;m nhạc tr&ecirc;n&nbsp;<a href=\"https://en.wikipedia.org/wiki/Amazon_Prime_Video\">Amazon Prime Video</a>&nbsp;giới thiệu c&aacute;c buổi biểu diễn trực tiếp, s&acirc;n khấu v&agrave; nghệ thuật tr&igrave;nh diễn cho một &quot;đ&ecirc;m đi chơi ở c&acirc;u lạc bộ&quot;.&nbsp;<em>B&igrave;nh minh FM</em>đạt vị tr&iacute; số một tại hơn 10 quốc gia, bao gồm &Uacute;c, Canada, Ireland, H&agrave; Lan, New Zealand v&agrave; Vương quốc Anh.&nbsp;N&oacute; ra mắt ở vị tr&iacute; thứ hai tr&ecirc;n bảng xếp hạng&nbsp;<a href=\"https://en.wikipedia.org/wiki/Billboard_200\"><em>Billboard</em>&nbsp;200</a>&nbsp;của Hoa Kỳ .</p>\r\n\r\n<p>Để hỗ trợ th&ecirc;m cho cả&nbsp;<em>After Hours</em>&nbsp;v&agrave;&nbsp;<em>Dawn FM</em>&nbsp;, Weeknd đ&atilde; bắt tay v&agrave;o&nbsp;<a href=\"https://en.wikipedia.org/wiki/After_Hours_til_Dawn_Tour\">After Hours to Dawn Tour</a>&nbsp;.&nbsp;Chuyến lưu diễn bắt đầu v&agrave;o ng&agrave;y 14 th&aacute;ng 7 năm 2022 tại Bắc Mỹ v&agrave; dự kiến ​​sẽ tiếp tục đến thăm Nam Mỹ, Ch&acirc;u &Acirc;u, Ch&acirc;u &Aacute;, Trung Đ&ocirc;ng v&agrave; &Uacute;c.</p>', 18, 124212, 1, '2023-03-14 18:53:57', '2023-03-28 17:44:26'),
(4, '99%', '/storage/uploads/2023/03/29/Album-moi-cua-MCK.jpg', '<p>C&aacute;c s&aacute;ng t&aacute;c nằm trong &quot;99%&quot; đ&atilde; thể hiện những cung bậc cảm x&uacute;c đầy đối lập th&ocirc;ng qua c&aacute;c giai đoạn kh&aacute;c nhau của t&igrave;nh y&ecirc;u. Trong đ&oacute;&nbsp;<strong><em>&quot;Ch&igrave;m S&acirc;u&quot;</em></strong>&nbsp;như một lời thổ lộ của một ch&agrave;ng trai mới y&ecirc;u;&nbsp;<strong><em>&quot;Tại V&igrave; Sao&quot;</em></strong>&nbsp;v&agrave;&nbsp;<strong><em>&quot;Ai mới l&agrave; kẻ xấu xa&quot;</em></strong>&nbsp;l&agrave; những lời tự vấn của anh d&agrave;nh cho mối t&igrave;nh đ&atilde; qua; hay ấn tượng nhất l&agrave; lời chia sẻ từ đ&aacute;y l&ograve;ng của MCK về những &aacute;p lực khi phải đứng trước của &aacute;nh đ&egrave;n s&acirc;n khấu được gửi gắm trong&nbsp;<strong><em>&quot;Bad Trip&quot;</em></strong>.</p>', 9, 14122, 1, '2023-03-19 07:39:30', '2023-03-28 17:45:24'),
(5, 'Kyōgen', '/storage/uploads/2023/03/22/ado-狂言-kyougen-Cover-Art.jpg', '<p>Kyōgen l&agrave; album ph&ograve;ng thu đầu tay của ca sĩ Nhật Bản Ado, được ph&aacute;t h&agrave;nh v&agrave;o ng&agrave;y 26 th&aacute;ng 1 năm 2022 bởi Virgin Music. Một đĩa nhạc J-pop v&agrave; rock, album được sản xuất bởi nhiều nhạc sĩ Vocaloid. Sau khi ph&aacute;t h&agrave;nh, Kyōgen đ&atilde; th&agrave;nh c&ocirc;ng về mặt thương mại tại Nhật Bản.</p>', 12, 13123, 1, '2023-03-22 07:56:22', '2023-03-22 07:56:22');

-- --------------------------------------------------------

--
-- Cấu trúc bảng cho bảng `failed_jobs`
--

CREATE TABLE `failed_jobs` (
  `id` bigint UNSIGNED NOT NULL,
  `uuid` varchar(255) COLLATE utf8mb4_unicode_ci NOT NULL,
  `connection` text COLLATE utf8mb4_unicode_ci NOT NULL,
  `queue` text COLLATE utf8mb4_unicode_ci NOT NULL,
  `payload` longtext COLLATE utf8mb4_unicode_ci NOT NULL,
  `exception` longtext COLLATE utf8mb4_unicode_ci NOT NULL,
  `failed_at` timestamp NOT NULL DEFAULT CURRENT_TIMESTAMP
) ENGINE=InnoDB DEFAULT CHARSET=utf8mb4 COLLATE=utf8mb4_unicode_ci;

-- --------------------------------------------------------

--
-- Cấu trúc bảng cho bảng `lists`
--

CREATE TABLE `lists` (
  `id` bigint UNSIGNED NOT NULL,
  `name` varchar(255) COLLATE utf8mb4_unicode_ci NOT NULL,
  `thumb` varchar(255) COLLATE utf8mb4_unicode_ci NOT NULL,
  `user_id` int DEFAULT NULL,
  `active` int NOT NULL,
  `created_at` timestamp NULL DEFAULT NULL,
  `updated_at` timestamp NULL DEFAULT NULL
) ENGINE=InnoDB DEFAULT CHARSET=utf8mb4 COLLATE=utf8mb4_unicode_ci;

--
-- Đang đổ dữ liệu cho bảng `lists`
--

INSERT INTO `lists` (`id`, `name`, `thumb`, `user_id`, `active`, `created_at`, `updated_at`) VALUES
(3, 'Nhạc nhật hay', '/storage/uploads/2023/03/18/artworks-mVJpUjCi3StSy484-sUSHqQ-t500x500.jpg', 1, 1, '2023-03-17 19:58:44', '2023-03-17 21:18:01'),
(5, 'Nhạc liên minh huyền thoại', '/storage/uploads/2023/03/29/artworks-mrTetXB0C4VbXF3C-2rwXhw-t500x500.jpg', 1, 1, '2023-03-28 18:32:20', '2023-03-28 18:32:20'),
(6, 'Tuyển tập nhạc Âu-Mĩ hay', '/storage/uploads/2023/03/29/artworks-oNDkjC2dznZ3T6TM-YWXmlw-t500x500.jpg', 1, 1, '2023-03-28 19:38:40', '2023-03-28 19:38:40');

-- --------------------------------------------------------

--
-- Cấu trúc bảng cho bảng `list_details`
--

CREATE TABLE `list_details` (
  `id` bigint UNSIGNED NOT NULL,
  `song_id` int NOT NULL,
  `list_id` int NOT NULL,
  `created_at` timestamp NULL DEFAULT NULL,
  `updated_at` timestamp NULL DEFAULT NULL,
  `active` int NOT NULL
) ENGINE=InnoDB DEFAULT CHARSET=utf8mb4 COLLATE=utf8mb4_unicode_ci;

--
-- Đang đổ dữ liệu cho bảng `list_details`
--

INSERT INTO `list_details` (`id`, `song_id`, `list_id`, `created_at`, `updated_at`, `active`) VALUES
(3, 1, 3, '2023-03-09 04:06:52', '2023-03-10 04:06:52', 1),
(6, 22, 5, '2023-03-28 18:19:40', '2023-03-28 18:19:40', 1),
(7, 3, 3, '2023-03-28 18:20:40', '2023-03-28 18:20:40', 1),
(8, 17, 3, '2023-03-28 18:20:46', '2023-03-28 18:20:46', 1),
(9, 19, 3, '2023-03-28 18:21:03', '2023-03-28 18:21:03', 1),
(10, 11, 3, '2023-03-28 18:21:06', '2023-03-28 18:21:06', 1),
(11, 10, 3, '2023-03-28 18:21:09', '2023-03-28 18:21:09', 1),
(12, 26, 5, '2023-03-28 01:25:24', '2023-03-29 01:25:24', 1),
(13, 20, 6, '2023-03-28 19:38:59', '2023-03-28 19:38:59', 1),
(14, 21, 6, '2023-03-28 19:39:07', '2023-03-28 19:39:07', 1),
(15, 24, 6, '2023-03-28 19:39:14', '2023-03-28 19:39:14', 1);

-- --------------------------------------------------------

--
-- Cấu trúc bảng cho bảng `menus`
--

CREATE TABLE `menus` (
  `id` bigint UNSIGNED NOT NULL,
  `name` varchar(255) COLLATE utf8mb4_unicode_ci NOT NULL,
  `parent_id` int NOT NULL,
  `description` text COLLATE utf8mb4_unicode_ci NOT NULL,
  `content` longtext COLLATE utf8mb4_unicode_ci NOT NULL,
  `slug` varchar(255) COLLATE utf8mb4_unicode_ci NOT NULL,
  `active` int NOT NULL,
  `created_at` timestamp NULL DEFAULT NULL,
  `updated_at` timestamp NULL DEFAULT NULL
) ENGINE=InnoDB DEFAULT CHARSET=utf8mb4 COLLATE=utf8mb4_unicode_ci;

--
-- Đang đổ dữ liệu cho bảng `menus`
--

INSERT INTO `menus` (`id`, `name`, `parent_id`, `description`, `content`, `slug`, `active`, `created_at`, `updated_at`) VALUES
(2, 'Vpop', 0, 'vpop', '<p>đ&acirc;y l&agrave; vpop</p>', 'game-the-thao', 1, '2023-02-25 03:08:11', '2023-03-14 20:20:07'),
(3, 'Nhạc nhật', 0, 'nhạc nhật', '<p>nhạc tiếng nhật</p>', 'game-hanh-dong', 1, '2023-02-26 00:11:35', '2023-03-14 20:19:36'),
(5, 'Kpop', 0, 'kpop', '<p>kpop</p>', 'game-bong-da', 1, '2023-02-26 00:21:45', '2023-03-14 20:21:29'),
(6, 'Rap', 0, 'nhac. Rap', '<p>Nhac Rap</p>', 'rap', 1, '2023-03-05 02:28:04', '2023-03-05 02:28:04'),
(8, 'Nhạc Âu-Mĩ', 0, 'nhạc từ châu âu Châu Mĩ', '<p>Nhạc tiếng Anh</p>', 'nhac-au-mi', 1, '2023-03-19 07:21:23', '2023-03-19 07:21:23'),
(9, 'Ballad', 2, 'bà lád', '<p>fafs</p>', 'ballad', 1, '2023-03-20 00:20:28', '2023-03-20 00:20:28');

-- --------------------------------------------------------

--
-- Cấu trúc bảng cho bảng `migrations`
--

CREATE TABLE `migrations` (
  `id` int UNSIGNED NOT NULL,
  `migration` varchar(255) COLLATE utf8mb4_unicode_ci NOT NULL,
  `batch` int NOT NULL
) ENGINE=InnoDB DEFAULT CHARSET=utf8mb4 COLLATE=utf8mb4_unicode_ci;

--
-- Đang đổ dữ liệu cho bảng `migrations`
--

INSERT INTO `migrations` (`id`, `migration`, `batch`) VALUES
(1, '2014_10_12_000000_create_users_table', 1),
(2, '2014_10_12_100000_create_password_reset_tokens_table', 1),
(3, '2019_08_19_000000_create_failed_jobs_table', 1),
(4, '2019_12_14_000001_create_personal_access_tokens_table', 1),
(5, '2023_02_23_093353_create_menus_table', 2),
(6, '2023_03_08_074715_create_singers_table', 3),
(7, '2023_03_08_081305_singers', 4),
(8, '2023_03_11_073349_create_products_table', 5),
(9, '2023_03_12_133538_create_m_v_s_table', 6),
(10, '2023_03_13_085825_create_songs_table', 7),
(13, '2023_03_18_003705_create_lists_table', 8),
(14, '2023_03_18_004252_create_list_details_table', 8),
(15, '2023_03_27_024802_create_sliders_table', 9);

-- --------------------------------------------------------

--
-- Cấu trúc bảng cho bảng `m_v_s`
--

CREATE TABLE `m_v_s` (
  `id` bigint UNSIGNED NOT NULL,
  `name` varchar(255) COLLATE utf8mb4_unicode_ci NOT NULL,
  `thumb` varchar(255) COLLATE utf8mb4_unicode_ci NOT NULL,
  `link` varchar(255) COLLATE utf8mb4_unicode_ci NOT NULL,
  `description` longtext COLLATE utf8mb4_unicode_ci NOT NULL,
  `singer_id` int NOT NULL,
  `likes` int NOT NULL,
  `active` int NOT NULL,
  `created_at` timestamp NULL DEFAULT NULL,
  `updated_at` timestamp NULL DEFAULT NULL
) ENGINE=InnoDB DEFAULT CHARSET=utf8mb4 COLLATE=utf8mb4_unicode_ci;

--
-- Đang đổ dữ liệu cho bảng `m_v_s`
--

INSERT INTO `m_v_s` (`id`, `name`, `thumb`, `link`, `description`, `singer_id`, `likes`, `active`, `created_at`, `updated_at`) VALUES
(2, 'Lạc trôi', '/storage/uploads/2023/03/26/maxresdefault.jpg', 'https://www.youtube.com/embed/Llw9Q6akRo4', '<p>&nbsp;</p>\r\n\r\n<p>Lạc Tr&ocirc;i | Official Music Video | Sơn T&ugrave;ng M-TP</p>\r\n\r\n<p>Được thực hiện bởi / Video made by</p>\r\n\r\n<p>S&aacute;ng t&aacute;c / Composer: Son Tung M-TP</p>\r\n\r\n<p>H&ograve;a &acirc;m phối kh&iacute; / Music Producer: Triple D</p>\r\n\r\n<p>Diễn vi&ecirc;n / Artress: Ho Thu Anh</p>\r\n\r\n<p>Đạo diễn / Director: Dinh Ha Uyen Thu</p>\r\n\r\n<p>Hoạ sĩ thiết kế / Production designer: Do Ba Ty</p>\r\n\r\n<p>Gi&aacute;m đốc h&igrave;nh ảnh / D.O.P: Tung Bui</p>\r\n\r\n<p>Hậu kỳ / Post production: MR.BLUE</p>\r\n\r\n<p>Đơn vị sản xuất / Executive Producer: M&amp;M HOUSE</p>', 6, 176666, 1, '2023-03-13 00:31:57', '2023-03-26 00:15:39'),
(3, 'Lemon', '/storage/uploads/2023/03/26/lemon-kenshi-yonezu.jpg', 'https://www.youtube.com/embed/SX_ViT4Ra7k', '<p>Music and Produced by Kenshi Yonezu</p>\r\n\r\n<p>Starring _ Kenshi Yonezu Nao Yoshigai 　　　　</p>\r\n\r\n<p>Anna Yokota</p>\r\n\r\n<p>Elodie Lenda</p>\r\n\r\n<p>Heyley Pyote</p>\r\n\r\n<p>Andrew Stevens</p>\r\n\r\n<p>Nickel Zouhdi</p>\r\n\r\n<p>Wassim Burney</p>\r\n\r\n<p>Mohamed・A</p>\r\n\r\n<p>Kevin Kinno</p>\r\n\r\n<p>Director _ Tomokazu Yamada</p>\r\n\r\n<p>Camera _ Keisuke Imamura</p>\r\n\r\n<p>Lighting _Makoto Oda</p>\r\n\r\n<p>Stylist _ Tatsuya Simada</p>\r\n\r\n<p>Hair &amp; Make-up _ Jun Matsumoto</p>\r\n\r\n<p>Choreographer _ Nao Ysohigai</p>\r\n\r\n<p>Casting _ Nanako Okuyama（DELPHI）</p>\r\n\r\n<p>Colorlist _ Naotaka Takahashi MA _ Yasuhito Izutsu</p>\r\n\r\n<p>Production Manager _ Tomohiro Hirota,Ryo Onodera,Yui Murai,Hajime Hiroki</p>\r\n\r\n<p>Producer _ Koji Takayama</p>\r\n\r\n<p>Production _ TETRAPOT FILMS</p>', 10, 2913214, 1, '2023-03-13 00:45:25', '2023-03-26 00:15:53'),
(4, 'Enemy', '/storage/uploads/2023/03/26/maxresdefault (2).jpg', 'https://www.youtube.com/embed/D9G1VOjN_84', '<p>&quot;&nbsp;<strong>Enemy</strong>&nbsp;&quot; l&agrave; một b&agrave;i h&aacute;t của&nbsp;ban nhạc&nbsp;<a href=\"https://en.wikipedia.org/wiki/Pop_rock\">pop rock người Mỹ&nbsp;</a><a href=\"https://en.wikipedia.org/wiki/Imagine_Dragons\">Imagine Dragons</a>&nbsp;v&agrave; rapper người Mỹ&nbsp;<a href=\"https://en.wikipedia.org/wiki/JID\">JID</a>&nbsp;.&nbsp;N&oacute; được ph&aacute;t h&agrave;nh th&ocirc;ng qua&nbsp;<a href=\"https://en.wikipedia.org/wiki/Interscope_Records\">Interscope Records</a>&nbsp;v&agrave;&nbsp;<a href=\"https://en.wikipedia.org/wiki/Kidinakorner\">Kidinakorner</a>&nbsp;v&agrave;o ng&agrave;y 28 th&aacute;ng 10 năm 2021, từ nhạc nền của&nbsp;loạt phim&nbsp;<a href=\"https://en.wikipedia.org/wiki/Animated\">hoạt&nbsp;</a><a href=\"https://en.wikipedia.org/wiki/Streaming_television\">h&igrave;nh truyền h&igrave;nh trực tuyến&nbsp;</a><em><a href=\"https://en.wikipedia.org/wiki/Arcane_(TV_series)\">Arcane</a></em>&nbsp;.&nbsp;B&agrave;i h&aacute;t được viết bởi c&aacute;c nghệ sĩ c&ugrave;ng với&nbsp;<a href=\"https://en.wikipedia.org/wiki/Justin_Tranter\">Justin Tranter</a>&nbsp;v&agrave; c&aacute;c nh&agrave; sản xuất&nbsp;<a href=\"https://en.wikipedia.org/wiki/Mattman_%26_Robin\">Mattman &amp; Robin</a>&nbsp;.&nbsp;<a href=\"https://en.wikipedia.org/wiki/Enemy_(Imagine_Dragons_and_JID_song)#cite_note-1\">[1]</a>&nbsp;B&agrave;i h&aacute;t cũng nằm trong album ph&ograve;ng thu thứ năm của ban nhạc&nbsp;<em><a href=\"https://en.wikipedia.org/wiki/Mercury_%E2%80%93_Act_1\">Mercury &ndash; Act 1</a></em>.&nbsp;B&agrave;i h&aacute;t trở th&agrave;nh b&agrave;i h&aacute;t đầu ti&ecirc;n của JID lọt v&agrave;o top 5 tại Mỹ v&agrave; trở th&agrave;nh b&agrave;i h&aacute;t đầu ti&ecirc;n của ban nhạc lọt v&agrave;o top 5 kể từ b&agrave;i h&aacute;t &quot;&nbsp;<a href=\"https://en.wikipedia.org/wiki/Thunder_(Imagine_Dragons_song)\">Thunder</a>&nbsp;&quot; năm 2017 v&agrave; bản hit thứ 5 trong top 10 của họ.</p>', 20, 3145743, 1, '2023-03-19 07:44:55', '2023-03-26 00:19:47'),
(5, 'BLACKPINK - \'How You Like That\' M/V', '/storage/uploads/2023/03/26/maxresdefault (1).jpg', 'https://www.youtube.com/embed/ioNng23DkIM', '<p>chưa c&oacute;</p>', 21, 24187267, 1, '2023-03-26 00:13:04', '2023-03-26 00:13:04'),
(6, 'K/DA - POP/STARS (ft. Madison Beer, (G)I-DLE, Jaira Burns) | Music Video - League of Legends', '/storage/uploads/2023/03/26/maxresdefault (3).jpg', 'https://www.youtube.com/embed/UOxkGD8qRB4', '<p>PRODUCTION CREDITS: K/DA - &quot;POP/STARS&quot;</p>\r\n\r\n<p>Featured artists: Madison Beer, (G)I-DLE, Jaira Burns</p>\r\n\r\n<p>Written by: Riot Music Team and Harloe</p>\r\n\r\n<p>Korean translation by: Lydia Paek and Minji Kim</p>\r\n\r\n<p>Produced by: Riot Music</p>\r\n\r\n<p>Team Mixed by: Riot Music</p>\r\n\r\n<p>Team Mastered by: Riot Music Team</p>\r\n\r\n<p>Vocals performed by: Madison Beer, Miyeon of (G)I-DLE, Soyeon of (G)I-DLE, Jaira Burns Additional vocals by: Harloe</p>\r\n\r\n<p>Vocal production by: Riot Music Team Executive</p>\r\n\r\n<p>Producers: Riot Games &amp; Justin Tranter</p>\r\n\r\n<p><a href=\"https://www.youtube.com/redirect?event=video_description&amp;redir_token=QUFFLUhqbXI1WWhuQkczYnlXOWV0T2l0ZjJxQ1RQUzVCUXxBQ3Jtc0ttdnFjSjVITG1TTGMwaWxJaGVtcldmVHRjTGxoeGVFOHFtYzZUeTB3bGhzS01ReU5tRE00VVBiaVoyYXRvMTQwOUxYeDNsU0cyeUxWeVJDdUtiX2YtWm9sRWRGb0F1QVl6X0lIdlJYaXMzb3JEVWpsVQ&amp;q=http%3A%2F%2Fmadisonbeer.com%2F&amp;v=UOxkGD8qRB4\" target=\"_blank\">http://madisonbeer.com/</a> <a href=\"https://www.youtube.com/redirect?event=video_description&amp;redir_token=QUFFLUhqbkhIdXJ5V3pFNkd4VWhlRGxJQVBhUVQ2SDFwQXxBQ3Jtc0tsN2FFZ0x0YlY1V3hhOGlHaElMZGpjUzRNdmRhdVcySzhnX0FYeFE5X2VOWlU3MzF2YnBGdUZRLVNHRVBjRHBZMEIxczlNRTEwdlpZR1JESUctZ0NRZVNHVHRfT3JuVktKNlo4QkR3aWRhS2NnQUpiOA&amp;q=http%3A%2F%2Fwww.cubeent.co.kr%2Fgidle&amp;v=UOxkGD8qRB4\" target=\"_blank\">http://www.cubeent.co.kr/gidle</a> <a href=\"https://www.youtube.com/redirect?event=video_description&amp;redir_token=QUFFLUhqbWFFUi1mTkdpNFZuVzcxRjhOTVRhT1d4SXNhQXxBQ3Jtc0tsamRCYUtMYkkxdmpFUEQycEY5S3oxLXltT1ZnQjA5RTVGZDR3RUNhWUVNOWlhcnMtNWtLWkwtbFJLTmxWV2t1SW14dDRaUVZCektRSlRfY0VPVGVNR00welFoZVVHbURLS1dfeTBiZ2hZVUQ1RlJKWQ&amp;q=https%3A%2F%2Fwww.instagram.com%2Fjairaburns%2F&amp;v=UOxkGD8qRB4\" target=\"_blank\">https://www.instagram.com/jairaburns/</a></p>\r\n\r\n<p>Jaira Burns appears courtesy of Upscale</p>\r\n\r\n<p>Music Group / Interscope Records</p>\r\n\r\n<p>ANIMATION: Fortiche Prod</p>', 16, 58123847, 1, '2023-03-26 00:26:20', '2023-03-26 00:26:20');

-- --------------------------------------------------------

--
-- Cấu trúc bảng cho bảng `password_reset_tokens`
--

CREATE TABLE `password_reset_tokens` (
  `email` varchar(255) COLLATE utf8mb4_unicode_ci NOT NULL,
  `token` varchar(255) COLLATE utf8mb4_unicode_ci NOT NULL,
  `created_at` timestamp NULL DEFAULT NULL
) ENGINE=InnoDB DEFAULT CHARSET=utf8mb4 COLLATE=utf8mb4_unicode_ci;

-- --------------------------------------------------------

--
-- Cấu trúc bảng cho bảng `personal_access_tokens`
--

CREATE TABLE `personal_access_tokens` (
  `id` bigint UNSIGNED NOT NULL,
  `tokenable_type` varchar(255) COLLATE utf8mb4_unicode_ci NOT NULL,
  `tokenable_id` bigint UNSIGNED NOT NULL,
  `name` varchar(255) COLLATE utf8mb4_unicode_ci NOT NULL,
  `token` varchar(64) COLLATE utf8mb4_unicode_ci NOT NULL,
  `abilities` text COLLATE utf8mb4_unicode_ci,
  `last_used_at` timestamp NULL DEFAULT NULL,
  `expires_at` timestamp NULL DEFAULT NULL,
  `created_at` timestamp NULL DEFAULT NULL,
  `updated_at` timestamp NULL DEFAULT NULL
) ENGINE=InnoDB DEFAULT CHARSET=utf8mb4 COLLATE=utf8mb4_unicode_ci;

-- --------------------------------------------------------

--
-- Cấu trúc bảng cho bảng `singers`
--

CREATE TABLE `singers` (
  `id` bigint UNSIGNED NOT NULL,
  `name` varchar(255) COLLATE utf8mb4_unicode_ci NOT NULL,
  `thumb` varchar(255) COLLATE utf8mb4_unicode_ci NOT NULL,
  `subcriber` int NOT NULL,
  `description` longtext COLLATE utf8mb4_unicode_ci NOT NULL,
  `active` int NOT NULL,
  `slug` varchar(255) COLLATE utf8mb4_unicode_ci NOT NULL,
  `created_at` timestamp NULL DEFAULT NULL,
  `updated_at` timestamp NULL DEFAULT NULL
) ENGINE=InnoDB DEFAULT CHARSET=utf8mb4 COLLATE=utf8mb4_unicode_ci;

--
-- Đang đổ dữ liệu cho bảng `singers`
--

INSERT INTO `singers` (`id`, `name`, `thumb`, `subcriber`, `description`, `active`, `slug`, `created_at`, `updated_at`) VALUES
(6, 'Sơn tùng - MTP', '/storage/uploads/2023/03/10/Son_Tung_M-TP_(2014).jpg', 10162712, '<p><strong>Nguyễn Thanh T&ugrave;ng</strong>&nbsp;(sinh ng&agrave;y 5 th&aacute;ng 7 năm 1994), thường được biết đến với&nbsp;<a href=\"https://vi.wikipedia.org/wiki/Ngh%E1%BB%87_danh\">nghệ danh</a>&nbsp;<strong>Sơn T&ugrave;ng M-TP</strong>, l&agrave; một nam&nbsp;<a href=\"https://vi.wikipedia.org/wiki/Ca_s%C4%A9_ki%C3%AAm_s%C3%A1ng_t%C3%A1c_nh%E1%BA%A1c\">ca sĩ ki&ecirc;m s&aacute;ng t&aacute;c nhạc</a>,&nbsp;<a href=\"https://vi.wikipedia.org/wiki/Rapper\">rapper</a>&nbsp;v&agrave;&nbsp;<a href=\"https://vi.wikipedia.org/wiki/Di%E1%BB%85n_vi%C3%AAn\">diễn vi&ecirc;n</a>&nbsp;<a href=\"https://vi.wikipedia.org/wiki/Ng%C6%B0%E1%BB%9Di_Vi%E1%BB%87t_Nam\">người Việt Nam</a>.</p>\r\n\r\n<p>Sinh ra ở&nbsp;<a href=\"https://vi.wikipedia.org/wiki/Th%C3%A1i_B%C3%ACnh_(th%C3%A0nh_ph%E1%BB%91)\">th&agrave;nh phố Th&aacute;i B&igrave;nh</a>, thời thơ ấu, Sơn T&ugrave;ng thường đi h&aacute;t ở Cung văn ho&aacute; thiếu nhi tỉnh Th&aacute;i B&igrave;nh v&agrave; học chơi đ&agrave;n&nbsp;<a href=\"https://vi.wikipedia.org/wiki/Organ_(nh%E1%BA%A1c_c%E1%BB%A5)\">organ</a>. Sau đ&oacute;, T&ugrave;ng c&ugrave;ng với c&aacute;c bạn trong lớp th&agrave;nh lập n&ecirc;n một nh&oacute;m nhạc, lấy t&ecirc;n l&agrave; Over Band, bắt đầu s&aacute;ng t&aacute;c v&agrave; đăng tải c&aacute;c b&agrave;i h&aacute;t của m&igrave;nh l&ecirc;n một&nbsp;<a href=\"https://vi.wikipedia.org/wiki/Trang_web\">trang web</a>&nbsp;chuy&ecirc;n về lĩnh vực &acirc;m nhạc c&oacute; t&ecirc;n l&agrave; LadyKillah. T&ugrave;ng bắt đầu nổi tiếng khi ph&aacute;t h&agrave;nh hai đĩa đơn &quot;<a href=\"https://vi.wikipedia.org/wiki/C%C6%A1n_m%C6%B0a_ngang_qua\">Cơn mưa ngang qua</a>&quot; v&agrave; &quot;<a href=\"https://vi.wikipedia.org/wiki/Em_c%E1%BB%A7a_ng%C3%A0y_h%C3%B4m_qua\">Em của ng&agrave;y h&ocirc;m qua</a>&quot;, đ&aacute;nh dấu mốc khởi đầu cho sự nghiệp của m&igrave;nh. Album đầu ti&ecirc;n trong sự nghiệp của anh l&agrave;&nbsp;<a href=\"https://vi.wikipedia.org/wiki/Album_nh%E1%BA%A1c_phim\">album nhạc phim</a>&nbsp;<em><a href=\"https://vi.wikipedia.org/wiki/Ch%C3%A0ng_trai_n%C4%83m_%E1%BA%A5y_OST\">Ch&agrave;ng trai năm ấy OST</a></em>&nbsp;được ph&aacute;t h&agrave;nh v&agrave;o năm 2014, bao gồm hai đĩa đơn l&agrave; &quot;<a href=\"https://vi.wikipedia.org/wiki/Ch%E1%BA%AFc_ai_%C4%91%C3%B3_s%E1%BA%BD_v%E1%BB%81\">Chắc ai đ&oacute; sẽ về</a>&quot; v&agrave; &quot;<a href=\"https://vi.wikipedia.org/wiki/Kh%C3%B4ng_ph%E1%BA%A3i_d%E1%BA%A1ng_v%E1%BB%ABa_%C4%91%C3%A2u\">Kh&ocirc;ng phải dạng vừa đ&acirc;u</a>&quot; đạt được những th&agrave;nh c&ocirc;ng lớn về mặt thương mại. V&agrave;o năm 2017, Sơn T&ugrave;ng M-TP được sự c&ocirc;ng nhận thiện ch&iacute; hơn từ&nbsp;<a href=\"https://vi.wikipedia.org/wiki/C%E1%BB%99ng_%C4%91%E1%BB%93ng_m%E1%BA%A1ng\">cộng đồng mạng</a>&nbsp;sau khi ph&aacute;t h&agrave;nh hai đĩa đơn nằm trong&nbsp;<a href=\"https://vi.wikipedia.org/wiki/Album_t%E1%BB%95ng_h%E1%BB%A3p\">album tuyển tập</a>&nbsp;đầu ti&ecirc;n,&nbsp;<em><a href=\"https://vi.wikipedia.org/wiki/M-tp_M-TP\">m-tp M-TP</a></em>&nbsp;(2017), l&agrave; &quot;<a href=\"https://vi.wikipedia.org/wiki/L%E1%BA%A1c_tr%C3%B4i\">Lạc tr&ocirc;i</a>&quot; v&agrave; &quot;<a href=\"https://vi.wikipedia.org/wiki/N%C6%A1i_n%C3%A0y_c%C3%B3_anh\">Nơi n&agrave;y c&oacute; anh</a>&quot;. Sơn T&ugrave;ng M-TP ra mắt album tuyển tập&nbsp;<em><a href=\"https://vi.wikipedia.org/wiki/M-tp_M-TP\">m-tp M-TP</a></em>&nbsp;v&agrave;o c&ugrave;ng năm. Hai đĩa đơn &quot;<a href=\"https://vi.wikipedia.org/wiki/Ch%E1%BA%A1y_ngay_%C4%91i\">Chạy ngay đi</a>&quot; (2018), &quot;<a href=\"https://vi.wikipedia.org/wiki/H%C3%A3y_trao_cho_anh\">H&atilde;y trao cho anh</a>&quot; (2019) hợp t&aacute;c c&ugrave;ng rapper người Mỹ&nbsp;<a href=\"https://vi.wikipedia.org/wiki/Snoop_Dogg\">Snoop Dogg</a>&nbsp;g&acirc;y tiếng vang v&agrave; lập nhiều kỷ lục, được truyền th&ocirc;ng quốc tế đ&aacute;nh gi&aacute; cao.</p>\r\n\r\n<p>Sơn T&ugrave;ng đ&atilde; c&oacute; hơn bốn năm gắn b&oacute; với c&aacute;c h&atilde;ng thu &acirc;m Văn Production v&agrave;&nbsp;<a href=\"https://vi.wikipedia.org/wiki/WePro_Entertainment\">WePro Entertainment</a>&nbsp;trước khi th&agrave;nh lập h&atilde;ng thu &acirc;m M-TP Entertainment của m&igrave;nh v&agrave;o cuối năm 2016. Sơn T&ugrave;ng M-TP khởi động chuyến lưu diễn h&ograve;a nhạc đầu ti&ecirc;n, mang t&ecirc;n M-TP Ambition &ndash; Chuyến bay đầu ti&ecirc;n, v&agrave;o cuối năm 2015 v&agrave; kết th&uacute;c v&agrave;o đầu năm 2016. T&ugrave;ng đ&oacute;ng vai ch&iacute;nh trong bộ phim chiếu rạp năm 2014&nbsp;<em><a href=\"https://vi.wikipedia.org/wiki/Ch%C3%A0ng_trai_n%C4%83m_%E1%BA%A5y\">Ch&agrave;ng trai năm ấy</a></em>&nbsp;v&agrave; nhận được một&nbsp;<a href=\"https://vi.wikipedia.org/wiki/Gi%E1%BA%A3i_c%C3%A1nh_di%E1%BB%81u\">giải C&aacute;nh diều v&agrave;ng</a>&nbsp;ở hạng mục Diễn vi&ecirc;n trẻ triển vọng cho vai diễn của m&igrave;nh. Năm 2015, T&ugrave;ng xuất hiện với vai tr&ograve; th&iacute; sinh trong chương tr&igrave;nh &acirc;m nhạc&nbsp;<em><a href=\"https://vi.wikipedia.org/wiki/H%C3%B2a_%C3%A2m_%C3%81nh_s%C3%A1ng\">H&ograve;a &acirc;m &Aacute;nh s&aacute;ng</a></em>. V&agrave;o th&aacute;ng 7 năm 2018, đạo diễn&nbsp;<a href=\"https://vi.wikipedia.org/wiki/Nguy%E1%BB%85n_Quang_D%C5%A9ng_(%C4%91%E1%BA%A1o_di%E1%BB%85n)\">Nguyễn Quang Dũng</a>&nbsp;c&ugrave;ng&nbsp;<a href=\"https://vi.wikipedia.org/wiki/Biti%27s\">Biti&#39;s Hunter</a>&nbsp;hợp t&aacute;c ra mắt bộ&nbsp;<a href=\"https://vi.wikipedia.org/wiki/Phim_ng%E1%BA%AFn\">phim ngắn</a>&nbsp;<em>Chuyến đi của thanh xu&acirc;n</em>&nbsp;với Sơn T&ugrave;ng M-TP đảm nhận một vai kh&aacute;ch mời. Bộ phim t&agrave;i liệu đầu ti&ecirc;n của Sơn T&ugrave;ng,&nbsp;<em><a href=\"https://vi.wikipedia.org/wiki/Sky_Tour_(phim)\">Sky Tour</a></em>&nbsp;ra mắt năm 2020, kể lại qu&aacute; tr&igrave;nh sản xuất v&agrave; thực hiện&nbsp;<a href=\"https://vi.wikipedia.org/wiki/Sky_Tour\">chuyến lưu diễn c&ugrave;ng t&ecirc;n</a>.</p>\r\n\r\n<p>Được mệnh danh l&agrave; &quot;<a href=\"https://vi.wikipedia.org/wiki/Danh_hi%E1%BB%87u_nh%E1%BA%A1c_%C4%91%E1%BA%A1i_ch%C3%BAng_%C4%91%C6%B0%E1%BB%A3c_phong_t%E1%BA%B7ng\">Ho&agrave;ng tử V-pop</a>&quot;, nhiều nh&agrave; b&aacute;o &acirc;m nhạc, nh&agrave; l&yacute; luận ph&ecirc; b&igrave;nh v&agrave; t&aacute;c giả xem anh l&agrave; một trong những nghệ sĩ&nbsp;<a href=\"https://vi.wikipedia.org/wiki/V-pop\">V-pop</a>&nbsp;th&agrave;nh c&ocirc;ng nhất ở thời điểm hiện tại. Trong suốt sự nghiệp của m&igrave;nh, T&ugrave;ng nhận được nhiều giải thưởng trong nước v&agrave; quốc tế, bao gồm một&nbsp;<a href=\"https://vi.wikipedia.org/wiki/Gi%E1%BA%A3i_th%C6%B0%E1%BB%9Fng_%C3%82m_nh%E1%BA%A1c_C%E1%BB%91ng_hi%E1%BA%BFn\">giải thưởng &Acirc;m nhạc Cống hiến</a>, một&nbsp;<a href=\"https://vi.wikipedia.org/wiki/Gi%E1%BA%A3i_%C3%82m_nh%E1%BA%A1c_ch%C3%A2u_%C3%82u_c%E1%BB%A7a_MTV\">giải &Acirc;m nhạc ch&acirc;u &Acirc;u của MTV</a>, một&nbsp;<a href=\"https://vi.wikipedia.org/wiki/Mnet_Asian_Music_Awards_2017\">giải Mnet Asian Music Awards</a>, bảy&nbsp;<a href=\"https://vi.wikipedia.org/wiki/L%C3%A0n_S%C3%B3ng_Xanh\">giải&nbsp;<em>L&agrave;n S&oacute;ng Xanh</em></a>&nbsp;v&agrave; được xếp v&agrave;o danh s&aacute;ch&nbsp;<a href=\"https://vi.wikipedia.org/w/index.php?title=Forbes_30_Under_30&amp;action=edit&amp;redlink=1\">30 Under 30</a>&nbsp;của tạp ch&iacute;&nbsp;<em><a href=\"https://vi.wikipedia.org/wiki/Forbes\">Forbes Vietnam</a></em>. Sơn T&ugrave;ng M-TP hiện đang l&agrave; nghệ sĩ Việt Nam duy nhất lọt v&agrave;o năm bảng xếp hạng ch&iacute;nh thức thuộc tạp ch&iacute;&nbsp;<em><a href=\"https://vi.wikipedia.org/wiki/Billboard\">Billboard</a></em>, bao gồm vị tr&iacute; thứ 28 tr&ecirc;n&nbsp;<a href=\"https://vi.wikipedia.org/w/index.php?title=Billboard_Social_50&amp;action=edit&amp;redlink=1\">Social 50</a>, vị tr&iacute; thứ 126 tr&ecirc;n&nbsp;<a href=\"https://vi.wikipedia.org/wiki/Billboard_Global_Excl._U.S.\">Global Excl. US</a>, hai lần gi&agrave;nh vị tr&iacute; qu&aacute;n qu&acirc;n tr&ecirc;n LyricFind Global Chart, nhiều lần xuất hiện tr&ecirc;n&nbsp;<a href=\"https://vi.wikipedia.org/wiki/Billboard_Vietnam_Hot_100\">Vietnam Hot 100</a>&nbsp;v&agrave;&nbsp;<a href=\"https://vi.wikipedia.org/wiki/Billboard_Vietnam_Top_Vietnamese_Songs\">Top Vietnamese Songs</a>. Album nhạc phim thứ hai của Sơn T&ugrave;ng,&nbsp;<em><a href=\"https://vi.wikipedia.org/wiki/Sky_Tour_(Original_Motion_Picture_Soundtrack)\">Sky Tour (Original Motion Picture Soundtrack)</a></em>&nbsp;ph&aacute;t h&agrave;nh v&agrave;o năm 2020 đạt vị tr&iacute; thứ 83 tr&ecirc;n bảng xếp hạng&nbsp;<a href=\"https://vi.wikipedia.org/wiki/ITunes\">iTunes</a>&nbsp;to&agrave;n cầu.</p>', 1, 'g-thin', '2023-03-10 02:20:50', '2023-03-25 23:34:52'),
(7, 'Hoài Lâm', '/storage/uploads/2023/03/10/unnamed.jpg', 1592328, '<p>Nguyễn Tuấn Lộc, thường được biết đến với nghệ danh Ho&agrave;i L&acirc;m, l&agrave; một nam ca sĩ, rapper v&agrave; diễn vi&ecirc;n người Việt Nam. Anh từng gi&agrave;nh 1 giải Cống hiến v&agrave; được c&ocirc;ng ch&uacute;ng Việt Nam đặc biệt ch&uacute; &yacute; sau khi gi&agrave;nh giải qu&aacute;n qu&acirc;n chương tr&igrave;nh truyền h&igrave;nh thực tế Gương mặt th&acirc;n quen m&ugrave;a thứ hai năm 2014. Những d&ograve;ng nhạc ch&iacute;nh anh theo đuổi l&agrave; nhạc trữ t&igrave;nh, nhạc v&agrave;ng, nhạc trẻ, anh cũng từng thể hiện một số t&aacute;c phẩm cải lương, d&acirc;n ca. Ho&agrave;i L&acirc;m được nghệ sĩ Ho&agrave;i Linh nhận l&agrave;m con nu&ocirc;i từ khi mới bắt đầu x&acirc;y dựng sự nghiệp.</p>', 1, 'hi', '2023-03-10 02:22:14', '2023-03-10 03:14:19'),
(8, 'Hoàng Thùy Linh', '/storage/uploads/2023/03/10/hoang-thuy-linh-xinh-dep-vay-den.jpg', 1431892, 'Hoàng Thùy Linh là một nữ ca sĩ, diễn viên, người mẫu ảnh và người dẫn chương trình người Việt Nam. Cô từng giành 4 giải Cống hiến trong tổng số 6 đề cử.', 1, 'hoang-thuy-linh', '2023-03-10 02:24:06', '2023-03-10 02:24:06'),
(9, 'Nger/MCK', '/storage/uploads/2023/03/10/335143569_2578757578946762_2296496855254643224_n.png', 425719, 'MCK hay RPT tên thật là Nghiêm Vũ Hoàng Long, là một rapper nổi tiếng của giới Underground Việt. Anh được khán giả biết đến nhiều sau khi tham gia chương trình Rap Việt mùa 1 và trở thành thí sinh của team Karik. MCK có phong cách rap melody ấn tượng và đầy kỹ năng. Ngoài ra, anh chàng này còn Autotune live cực tốt và được Wowy khen ngợi hết lời. Đối với những ai theo dõi giới underground Việt đều biết đến MCK. Trước khi tham gia chương trình Rap Việt, MCK đã thu hút sự chú ý trong cộng đồng Indie và hip hop.', 1, 'ngermck', '2023-03-10 02:25:19', '2023-03-10 02:25:19'),
(10, 'Kenshi Yonezu', '/storage/uploads/2023/03/10/artworks-000466729617-9j6sa8-t500x500.jpg', 6714212, 'Yonezu Kenshi là một ca sĩ - nhạc sĩ sáng tác nhạc pop người Nhật, cũng là nhà sản xuất âm nhạc và họa sĩ minh họa. Anh bắt đầu làm và phát hành nhạc Vocaloid dưới nghệ danh hachi vào năm 2009. Năm 2012, anh ra mắt dưới tên thật, phát hành các bài hát với giọng hát của chính mình.', 1, 'kenshi-yonezu', '2023-03-10 02:27:06', '2023-03-10 02:27:06'),
(11, 'Min', '/storage/uploads/2023/03/10/min-3-15997232128651477151580.png', 2045263, 'Nguyễn Minh Hằng, thường được biết đến với nghệ danh Min, là một nữ ca sĩ kiêm vũ công người Việt Nam. Khởi đầu là thành viên của nhóm nhảy St.319, cô ra mắt với tư cách ca sĩ solo vào năm 2013 với đĩa đơn đầu tay \"Tìm\".', 1, 'min', '2023-03-10 02:28:07', '2023-03-10 02:28:07'),
(12, 'ado', '/storage/uploads/2023/03/11/Ado_-_Usseewa.jpg', 3124425, '<p><strong>Ado</strong>&nbsp;(アド, sinh ng&agrave;y 24 th&aacute;ng 10 năm 2002) l&agrave; một&nbsp;<a href=\"https://vi.wikipedia.org/w/index.php?title=Utaite&amp;action=edit&amp;redlink=1\">utaite</a>&nbsp;v&agrave; ca sĩ người Nhật Bản. C&ocirc; hiện đang trực thuộc c&ocirc;ng ty quản l&yacute; nghệ sĩ Cloud Nine.</p>\r\n\r\n<h3>Hoạt động với tư c&aacute;ch utaite đến khi ra mắt ch&iacute;nh thức[<a href=\"https://vi.wikipedia.org/w/index.php?title=Ado_(ca_s%C4%A9)&amp;veaction=edit&amp;section=2\">sửa</a>&nbsp;|&nbsp;<a href=\"https://vi.wikipedia.org/w/index.php?title=Ado_(ca_s%C4%A9)&amp;action=edit&amp;section=2\">sửa m&atilde; nguồn</a>]</h3>\r\n\r\n<p>Ado bắt đầu nghe c&aacute;c b&agrave;i h&aacute;t VOCALOID tr&ecirc;n m&aacute;y t&iacute;nh của bố khi c&ocirc; học năm nhất tiểu học.</p>\r\n\r\n<p>Năm 2014, Ado hứng th&uacute; với &acirc;m nhạc sau khi c&ocirc; biết tới trang web chia sẻ video&nbsp;<a href=\"https://vi.wikipedia.org/wiki/Niconico\">Niconico</a>&nbsp;tr&ecirc;n&nbsp;<a href=\"https://vi.wikipedia.org/wiki/Nintendo_3DS\">Nintendo 3DS</a>. C&ocirc; bắt đầu xem video tr&ecirc;n Nintendo 3DS, v&agrave; bị ấn tượng bởi những Utaite tr&ecirc;n&nbsp;<a href=\"https://vi.wikipedia.org/wiki/Niconico\">Niconico</a>, những người đ&atilde; h&aacute;t m&agrave; kh&ocirc;ng cần lộ mặt&nbsp;<a href=\"https://vi.wikipedia.org/wiki/Ado_(ca_s%C4%A9)#cite_note-:33-2\">[2]</a></p>\r\n\r\n<p>V&agrave;o năm 2017, Ado bắt đầu h&aacute;t với tư c&aacute;ch l&agrave;&nbsp;<em>utaite</em>&nbsp;tr&ecirc;n&nbsp;<a href=\"https://vi.wikipedia.org/wiki/Niconico\">Niconico</a>, sau khi tải l&ecirc;n video cover &quot;Kimi no taion&quot; v&agrave;o ng&agrave;y 10/1/2017.<a href=\"https://vi.wikipedia.org/wiki/Ado_(ca_s%C4%A9)#cite_note-3\">[3]</a>&nbsp;Trong 1 buổi phỏng vấn tr&ecirc;n k&ecirc;nh&nbsp;<a href=\"https://vi.wikipedia.org/wiki/Nippon_TV\">Nippon TV</a>, c&ocirc; n&oacute;i rằng trong thời gian l&agrave; 1&nbsp;<em>ca sĩ utaite</em>, c&ocirc; đ&atilde; phải che tủ quần &aacute;o của m&igrave;nh bằng vật liệu c&aacute;ch &acirc;m m&agrave; c&ocirc; mua tr&ecirc;n mạng v&agrave; ghi &acirc;m trong đ&oacute;.<a href=\"https://vi.wikipedia.org/wiki/Ado_(ca_s%C4%A9)#cite_note-4\">[4]</a></p>\r\n\r\n<p>Năm 2019, c&ocirc; g&oacute;p mặt trong Single &quot;Kinmokusei&quot; của Kujira, được ph&aacute;t h&agrave;nh v&agrave;o ng&agrave;y 23/12/2019.<a href=\"https://vi.wikipedia.org/wiki/Ado_(ca_s%C4%A9)#cite_note-5\">[5]</a>&nbsp;V&agrave;i th&aacute;ng sau, c&ocirc; g&oacute;p mặt với tư c&aacute;ch ca sĩ trong Single &quot;Shikabanēze&quot; của jon-YAKITORY, ph&aacute;t h&agrave;nh v&agrave;o ng&agrave;y 29/3/2020.<a href=\"https://vi.wikipedia.org/wiki/Ado_(ca_s%C4%A9)#cite_note-realsound.jp2-6\">[6]</a></p>\r\n\r\n<p>Th&aacute;ng 5/2020, Ado tham gia v&agrave;o album tổng hợp PALETTE4 của&nbsp;<a href=\"https://vi.wikipedia.org/wiki/Pony_Canyon\">Pony Canyon</a>. C&ocirc; đ&atilde; ph&aacute;t h&agrave;nh hai b&agrave;i h&aacute;t, &quot;Call boy&quot; của syudou v&agrave; &quot;Taema naku ai-iro&quot; của Shishi Shishi dưới dạng đĩa kỹ thuật số.</p>', 1, 'ado', '2023-03-11 02:33:17', '2023-03-27 18:01:48'),
(13, 'Karik', '/storage/uploads/2023/03/11/channels4_profile.jpg', 1333761, '<p>Phạm Ho&agrave;ng Khoa thường được biết đến với nghệ danh Karik, l&agrave; một rapper, nhạc sĩ chuy&ecirc;n nghiệp người Việt Nam. Anh được biết đến với tư c&aacute;ch l&agrave; rapper người Việt đầu ti&ecirc;n gi&agrave;nh giải thưởng MTV Việt Nam v&agrave;o năm 2011 v&agrave; Vietnam Entertainment Adwards (VEA 2021) với hạng mục Nghệ sĩ của năm.</p>', 1, 'e', '2023-03-11 03:23:01', '2023-03-19 07:25:17'),
(15, 'Charlie Puth', '/storage/uploads/2023/03/19/channels4_profile (3).jpg', 21725124, '<p>Charles Otto &quot;Charlie&quot; Puth Jr. l&agrave; ca sĩ, nhạc sĩ, nh&agrave; sản xuất thu &acirc;m người Mỹ, anh nổi tiếng một c&aacute;ch nhanh ch&oacute;ng từ những video ph&aacute;t h&agrave;nh tr&ecirc;n trang mạng YouTube. Anh đ&atilde; ra mắt hai đĩa EP, The Otto Tunes&nbsp;(2010) v&agrave;&nbsp;Ego&nbsp;(2013), tr&ecirc;n danh nghĩa một nghệ sĩ độc lập. Năm 2015, Anh k&yacute; hợp đồng với h&atilde;ng Atlantic Records v&agrave; ph&aacute;t h&agrave;nh đĩa đơn debut Marvin Gaye, hợp t&aacute;c với ca sĩ Meghan Trainor. Đĩa đơn đ&atilde; được chứng nhận 2&times; Bạch kim ở &Uacute;c, dẫn đầu c&aacute;c bảng xếp hạng ở New Zealand, Ireland, v&agrave; Vương quốc Anh v&agrave; đạt hạng 7 ở bảng xếp hạng Billboard Hot 100 của Mỹ. Charlie đồng s&aacute;ng t&aacute;c, sản xuất v&agrave; g&oacute;p giọng trong ca kh&uacute;c See you again của Wiz Khalifa từ album Furious 7 để tưởng nhớ nam diễn vi&ecirc;n qu&aacute; cố Paul Walker. Ng&agrave;y 1 th&aacute;ng 5 năm 2016, anh ph&aacute;t h&agrave;nh đĩa EP Some Type of Love. Album debut của anh Nine Track Mind được cho ph&eacute;p đặt h&agrave;ng trước v&agrave;o ng&agrave;y 20 th&aacute;ng 8 năm 2015 song song với đĩa đơn &quot;One Call Away&quot;, v&agrave; được ch&iacute;nh thức ph&aacute;t h&agrave;nh v&agrave;o ng&agrave;y 29 th&aacute;ng 1 năm 2016. V&agrave;o năm 2017, anh ph&aacute;t h&agrave;nh hai đĩa đơn &quot;Attention&quot; v&agrave; &quot;How long&quot; từ album ph&ograve;ng thu thứ hai Voicenotes được ph&aacute;t h&agrave;nh v&agrave;o ng&agrave;y 11 th&aacute;ng 5 năm 2018. Ngo&agrave;i ra, trong năm 2018 anh ph&aacute;t h&agrave;nh th&ecirc;m 2 đĩa đơn thuộc album Voicenotes l&agrave; &quot;Done for me&quot; hợp t&aacute;c c&ugrave;ng Kehlani v&agrave; &quot;The Way I Am&quot;. Hiện anh đang s&aacute;ng t&aacute;c c&aacute;c ca kh&uacute;c cho album tiếp theo sắp được ra mắt người h&acirc;m mộ v&agrave;o năm 2019.</p>', 1, 'charlie-puth', '2023-03-19 07:27:19', '2023-03-19 07:27:19'),
(16, 'KDA', '/storage/uploads/2023/03/19/V4_jIT4q_400x400.jpg', 562242, '<p>K/DA l&agrave; một nh&oacute;m nhạc nữ ảo gồm 4 th&agrave;nh vi&ecirc;n l&agrave; 4 vị tướng với trang phục theo chủ đề &acirc;m nhạc trong Li&ecirc;n Minh Huyền Thoại: Ahri, Akali, Evelynn v&agrave; Kai&#39;Sa. Evelynn v&agrave; Kai&#39;Sa được lồng tiếng bởi 2 ca sĩ người Mỹ Madison Beer v&agrave; Jaira Burns, trong khi Ahri v&agrave; Akali được lồng tiếng bởi 2 th&agrave;nh vi&ecirc;n (G)I-dle: Miyeon v&agrave; Soyeon. K/DA được th&agrave;nh lập bởi Riot Games - cha đẻ của Li&ecirc;n Minh Huyền Thoại v&agrave; ra mắt c&ocirc;ng ch&uacute;ng lần đầu tại lễ khai mạc Chung kết thế giới Li&ecirc;n Minh Huyền Thoại 2018 với m&agrave;n tr&igrave;nh diễn trực tiếp bằng c&ocirc;ng nghệ Thực tế tăng cường cho b&agrave;i h&aacute;t đầu ti&ecirc;n của họ - &quot;Pop/Stars&quot;. MV ch&iacute;nh thức của b&agrave;i h&aacute;t cũng được đăng tải l&ecirc;n Youtube, c&ugrave;ng l&uacute;c với m&agrave;n ra mắt của nh&oacute;m. Sau đ&oacute; nhận hiệu ứng lan truyền, ca kh&uacute;c đ&atilde; vượt qua 100 triệu lượt xem trong v&ograve;ng một th&aacute;ng, v&agrave; hiện tại đ&atilde; đạt hơn 520 triệu lượt xem, cũng như đứng đầu bảng xếp hạng Billboard.</p>', 1, 'kda', '2023-03-19 07:29:57', '2023-03-19 07:29:57'),
(17, 'KANA-BOON', '/storage/uploads/2023/03/19/500x500.jpg', 762312, '<p><strong>Kana-Boon</strong>&nbsp;(c&aacute;ch điệu l&agrave;&nbsp;<strong>KANA-BOON</strong>&nbsp;) l&agrave; một&nbsp;ban nhạc&nbsp;<a href=\"https://en.wikipedia.org/wiki/Rock_music\">rock Nhật Bản được th&agrave;nh lập v&agrave;o năm 2008.&nbsp;</a><a href=\"https://en.wikipedia.org/wiki/Kana-Boon#cite_note-Real_Sound-4\">[4]</a>&nbsp;Họ ra mắt ch&iacute;nh với&nbsp;<a href=\"https://en.wikipedia.org/wiki/Ki/oon_Music\">Ki/oon Music</a>&nbsp;v&agrave;o năm 2013. Kể từ đ&oacute;, họ đ&atilde; c&oacute; bốn&nbsp;<a href=\"https://en.wikipedia.org/wiki/Album\">album</a>&nbsp;lọt v&agrave;o top 10 tr&ecirc;n bảng xếp hạng&nbsp;<a href=\"https://en.wikipedia.org/wiki/Oricon\">Oricon&nbsp;</a><a href=\"https://en.wikipedia.org/wiki/Oricon_Albums_Chart\">Albums Chart</a>&nbsp;h&agrave;ng tuần&nbsp;, với&nbsp;<em>Doppel</em>&nbsp;l&agrave; album c&oacute; thứ hạng tốt nhất của họ, đạt vị tr&iacute; thứ ba tr&ecirc;n bảng xếp hạng.&nbsp;<a href=\"https://en.wikipedia.org/wiki/Kana-Boon#cite_note-oricon-5\">[5]</a>&nbsp;Họ cũng c&oacute; năm&nbsp;<a href=\"https://en.wikipedia.org/wiki/Single_(music)\">đĩa đơn</a>&nbsp;lọt v&agrave;o top 10 tr&ecirc;n&nbsp;<a href=\"https://en.wikipedia.org/wiki/Oricon_Singles_Chart\">Bảng xếp hạng đĩa đơn h&agrave;ng tuần&nbsp;</a><a href=\"https://en.wikipedia.org/wiki/Oricon\">của Oricon</a>&nbsp;, với &quot;Full Drive&quot;&nbsp;(フルドライブ)&nbsp;l&agrave; đĩa đơn c&oacute; thứ hạng tốt nhất của họ, đạt vị tr&iacute; thứ s&aacute;u tr&ecirc;n bảng xếp hạng.<a href=\"https://en.wikipedia.org/wiki/Kana-Boon#cite_note-oricon2-6\">[6]</a>&nbsp;Ba đĩa đơn của họ đ&atilde; được sử dụng trong<em><a href=\"https://en.wikipedia.org/wiki/Naruto\">&nbsp;loạt phim Naruto</a></em>&nbsp;, với &quot;<a href=\"https://en.wikipedia.org/wiki/Silhouette_(Kana-Boon_song)\">&nbsp;Silhouette</a>&nbsp;&quot; được sử dụng l&agrave;m<em><a href=\"https://en.wikipedia.org/wiki/Naruto_Shippuden\">&nbsp;b&agrave;i h&aacute;t mở đầu Naruto Shippuden</a></em>&nbsp;thứ 16 , v&agrave; &quot;<a href=\"https://en.wikipedia.org/wiki/Diver_(Kana-Boon_song)\">&nbsp;Diver</a>&nbsp;&quot; l&agrave;m b&agrave;i h&aacute;t chủ đề cho<em><a href=\"https://en.wikipedia.org/wiki/Boruto:_Naruto_the_Movie\">&nbsp;Boruto: Naruto the Movie</a></em>&nbsp;v&agrave;<a href=\"https://en.wikipedia.org/wiki/Baton_Road\">&nbsp;Baton Road</a>&nbsp;l&agrave; phần đầu ti&ecirc;n mở đầu cho<em><a href=\"https://en.wikipedia.org/wiki/Boruto:_Naruto_Next_Generations\">&nbsp;Boruto: Naruto Next Generations</a></em>&nbsp;.&nbsp;<a href=\"https://en.wikipedia.org/wiki/Kana-Boon#cite_note-Silhouette,_Diver-7\">[7]&nbsp;</a><a href=\"https://en.wikipedia.org/wiki/Kana-Boon#cite_note-Real_Sound_Kana-Boon_-_Naruto-8\">[8]</a>&nbsp;Phần<a href=\"https://en.wikipedia.org/wiki/B-side\">&nbsp;B</a>&nbsp;của &quot;Diver&quot;, &quot;Spiral&quot;, l&agrave; b&agrave;i h&aacute;t chủ đề của<em><a href=\"https://en.wikipedia.org/wiki/Naruto_Shippuden:_Ultimate_Ninja_Storm_4\">&nbsp;tr&ograve; chơi điện tử Naruto Shippuden: Ultimate Ninja Storm 4</a></em>&nbsp;.&nbsp;<a href=\"https://en.wikipedia.org/wiki/Kana-Boon#cite_note-Real_Sound_Kana-Boon_-_Naruto-8\">[8]</a>&nbsp;Nh&oacute;m n&agrave;y cũng thực hiện một đĩa đơn cho anime<em><a href=\"https://en.wikipedia.org/wiki/Subete_ga_F_ni_Naru\">&nbsp;The Perfect Insider</a></em>&nbsp;với tựa đề &quot;Talking&quot;.&nbsp;<a href=\"https://en.wikipedia.org/wiki/Kana-Boon#cite_note-Talking-9\">[9]</a>Đĩa đơn &quot;Fighter&quot; của họ đ&atilde; được chọn l&agrave;m phần mở đầu thứ tư của&nbsp;<em><a href=\"https://en.wikipedia.org/wiki/Mobile_Suit_Gundam:_Iron-Blooded_Orphans\">Mobile Suit Gundam: Iron-Blooded Orphans</a></em>&nbsp;.&nbsp;<a href=\"https://en.wikipedia.org/wiki/Kana-Boon#cite_note-Fighter-10\">[10]</a>&nbsp;Ngay sau đ&oacute;, đĩa đơn mới của họ mang t&ecirc;n &quot;&nbsp;<a href=\"https://en.wikipedia.org/wiki/Baton_Road\">Baton Road</a>&nbsp;&quot; được chọn l&agrave;m b&agrave;i mở đầu cho&nbsp;<a href=\"https://en.wikipedia.org/wiki/Sequel\">phần tiếp theo của&nbsp;</a><em><a href=\"https://en.wikipedia.org/wiki/Naruto\">Naruto</a></em>&nbsp;,&nbsp;<em>Boruto: Naruto Next Generations</em>&nbsp;.&nbsp;<a href=\"https://en.wikipedia.org/wiki/Kana-Boon#cite_note-Real_Sound_Kana-Boon_-_Naruto-8\">[8]&nbsp;</a><a href=\"https://en.wikipedia.org/wiki/Kana-Boon#cite_note-Baton_Road-11\">[11]</a>&nbsp;Gần đ&acirc;y, b&agrave;i h&aacute;t &quot;&nbsp;<a href=\"https://en.wikipedia.org/wiki/Starmarker\">Starmarker</a>&nbsp;&quot; của họ được sử dụng l&agrave;m phần mở đầu thứ hai của phần thứ tư của&nbsp;<em><a href=\"https://en.wikipedia.org/wiki/My_Hero_Academia\">My Hero Academia</a></em>&nbsp;, trong khi b&agrave;i h&aacute;t &quot;&nbsp;<a href=\"https://en.wikipedia.org/wiki/Torch_of_Liberty\">Torch of Liberty</a>&nbsp;&quot; của họ được sử dụng l&agrave;m phần mở đầu thứ hai của phần thứ hai của&nbsp;<em><a href=\"https://en.wikipedia.org/wiki/Fire_Force\">Fire Force</a></em>&nbsp;.</p>', 1, 'kana-boon', '2023-03-19 07:32:20', '2023-03-19 07:32:20'),
(18, 'The weeknd', '/storage/uploads/2023/03/19/2-1.jpg', 31241233, '<p>Abel Makkonen Tesfaye l&agrave; nam ca sĩ, nhạc sĩ, nh&agrave; sản xuất thu &acirc;m người Canada. Anh sinh ra tại th&agrave;nh phố Toronto v&agrave; lớn l&ecirc;n ở Scarborough. Tesfaye bắt đầu s&aacute;ng t&aacute;c &acirc;m nhạc v&agrave;o năm 2009 bằng c&aacute;ch đăng tải một c&aacute;ch v&ocirc; danh b&agrave;i h&aacute;t &quot;Do It&quot; l&ecirc;n trang mạng YouTube. V&agrave;o cuối năm 2010, một số b&agrave;i h&aacute;t của Tesfaye được tải l&ecirc;n YouTube dưới c&aacute;i t&ecirc;n &quot;The Weeknd&quot;. Anh đ&atilde; ph&aacute;t h&agrave;nh ba bản mix (9 track) trong suốt năm 2011: House of Balloons, Thursday and Echoes of Silence v&agrave; được giới chuy&ecirc;n m&ocirc;n đ&aacute;nh gi&aacute; cao. Trong năm kế tiếp, anh ph&aacute;t h&agrave;nh một album tổng hợp mang t&ecirc;n Trilogy, bao gồm c&aacute;c bản mix trước đ&oacute; đ&atilde; được chỉnh sửa v&agrave; ba b&agrave;i h&aacute;t mới th&ecirc;m v&agrave;o. H&atilde;ng Republic Records v&agrave; XO đ&atilde; ph&aacute;t h&agrave;nh độc quyền album n&agrave;y. Album thứ hai của Tesfaye, Beauty Behind the Madness trở th&agrave;nh album đầu ti&ecirc;n đạt vị tr&iacute; qu&aacute;n qu&acirc;n tr&ecirc;n bảng xếp hạng Billboard 200, với tốp 5 đĩa đơn ch&iacute;nh bao gồm: &quot;Earned It&quot;, &quot;The Hills&quot; v&agrave; single số một &quot;Can&#39;t Feel My Face&quot;. Cả ba b&agrave;i h&aacute;t tr&ecirc;n đều lần lượt giữ cả ba vị tr&iacute; dẫn đầu của Bảng xếp hạng Billboard Hot R&amp;B, khiến Tesfaye trở th&agrave;nh người đầu ti&ecirc;n trong lịch sử đạt được th&agrave;nh t&iacute;ch n&agrave;y.</p>', 1, 'the-weeknd', '2023-03-19 07:34:16', '2023-03-19 07:34:16'),
(19, 'Phương Ly', '/storage/uploads/2023/03/19/2adfd0537b3fb586fbe70e6fe82b0d6a.jpg', 499182, '<p>Trần Phương Ly, thường được biết đến với nghệ danh Phương Ly, l&agrave; một nữ ca sĩ người Việt Nam. C&ocirc; bắt đầu nổi danh với vai tr&ograve; l&agrave; một nh&acirc;n vật nổi tiếng tr&ecirc;n mạng x&atilde; hội, sau đ&oacute; hoạt động với tư c&aacute;ch l&agrave; một nghệ sĩ &acirc;m nhạc v&agrave; nhanh ch&oacute;ng nhận về những th&agrave;nh c&ocirc;ng lớn. Trong suốt sự nghiệp của m&igrave;nh, c&ocirc; đ&atilde; nhận về 1 đề cử của Giải thưởng &Acirc;m nhạc Cống hiến.</p>', 1, 'phuong-ly', '2023-03-19 07:35:18', '2023-03-19 07:35:18'),
(20, 'Imagine Dragons', '/storage/uploads/2023/03/19/278916170_1321838491648052_5873266120760894431_n.png', 30276152, '<p>Imagine Dragons l&agrave; nh&oacute;m nhạc alternative rock Mỹ đến từ Las Vegas, Nevada gồm 4 th&agrave;nh vi&ecirc;n với Dan Reynolds h&aacute;t ch&iacute;nh, Wayne Sermon chơi ghi ta, Ben McKee đ&aacute;nh bass v&agrave; Daniel Platzman chơi trống. &Acirc;m nhạc của họ thường được so s&aacute;nh với The Killers v&agrave; Arcade Fire, trong khi giai điệu v&agrave; nội dung trữ t&igrave;nh đ&atilde; thường được m&ocirc; tả l&agrave; t&iacute;ch cực v&agrave; lạc quan. T&ecirc;n nh&oacute;m, Imagine Dragons, được tạo ra từ ph&eacute;p đảo chữ Anagram, nhưng &yacute; nghĩa thật sự của n&oacute; l&agrave; g&igrave; th&igrave; chỉ c&oacute; những th&agrave;nh vi&ecirc;n trong nh&oacute;m mới biết. Sở hữu chất nhạc cuồng nhiệt, đầy cảm x&uacute;c ch&acirc;n thật v&agrave; khiến người kh&aacute;c phải nh&uacute;n nhảy theo, với b&agrave;i hit &quot;It&#39;s time&quot; đ&atilde; khiến cho nh&oacute;m trở th&agrave;nh hiện tượng &acirc;m nhạc Mỹ cuối năm 2012. Ca kh&uacute;c n&agrave;y cũng định h&igrave;nh phong c&aacute;ch &acirc;m nhạc cho album đầu tay của nh&oacute;m &quot;Night Visions&quot; v&agrave; được một đề cử trong hạng mục Video Rock xuất sắc nhất của Giải Video &acirc;m nhạc của MTV năm 2012.</p>', 1, 'imagine-dragons', '2023-03-19 07:36:34', '2023-03-19 07:36:34'),
(21, 'Black pink', '/storage/uploads/2023/03/19/BlackPink.jpg', 84973517, '<p>Blackpink l&agrave; một nh&oacute;m nhạc nữ H&agrave;n Quốc do c&ocirc;ng ty YG Entertainment th&agrave;nh lập v&agrave; quản l&yacute;. Nh&oacute;m gồm 4 th&agrave;nh vi&ecirc;n bao gồm Jisoo, Jennie, Ros&eacute;, Lisa. Blackpink ch&iacute;nh thức ra mắt với album đĩa đơn đầu tay mang t&ecirc;n Square One gồm hai ca kh&uacute;c &quot;Boombayah&quot; v&agrave; &quot;Whistle&quot;. Cả hai sau đ&oacute; đ&atilde; lọt v&agrave;o bảng xếp hạng World Digital Songs của Billboard v&agrave; bảng xếp hạng nhạc số Gaon của H&agrave;n Quốc.</p>', 1, 'black-pink', '2023-03-19 07:37:49', '2023-03-19 07:37:49'),
(22, 'JustaTee', '/storage/uploads/2023/03/26/1563758181487_600.jpg', 1242785, '<p>Nguyễn Thanh Tuấn, thường được biết đến với nghệ danh JustaTee hay JayTee l&agrave; một nam rapper R&amp;B, ca sĩ ki&ecirc;m s&aacute;ng t&aacute;c nhạc h&agrave;ng đầu người Việt Nam. Anh từng gi&agrave;nh được 1 giải Cống hiến v&agrave; l&agrave; một trong những nghệ sĩ viết R&amp;B rất th&agrave;nh c&ocirc;ng v&agrave; được đ&ocirc;ng đảo kh&aacute;n giả trong thị trường &acirc;m nhạc Việt Nam biết đến v&agrave; y&ecirc;u mến.</p>', 1, 'justatee', '2023-03-25 23:37:06', '2023-03-25 23:37:06');

-- --------------------------------------------------------

--
-- Cấu trúc bảng cho bảng `sliders`
--

CREATE TABLE `sliders` (
  `id` bigint UNSIGNED NOT NULL,
  `name` varchar(255) COLLATE utf8mb4_unicode_ci NOT NULL,
  `url` varchar(255) COLLATE utf8mb4_unicode_ci DEFAULT NULL,
  `thumb` varchar(255) COLLATE utf8mb4_unicode_ci NOT NULL,
  `sort_by` int NOT NULL,
  `active` int NOT NULL,
  `created_at` timestamp NULL DEFAULT NULL,
  `updated_at` timestamp NULL DEFAULT NULL
) ENGINE=InnoDB DEFAULT CHARSET=utf8mb4 COLLATE=utf8mb4_unicode_ci;

--
-- Đang đổ dữ liệu cho bảng `sliders`
--

INSERT INTO `sliders` (`id`, `name`, `url`, `thumb`, `sort_by`, `active`, `created_at`, `updated_at`) VALUES
(1, 'test', 'http://dingmp3.test/', '/storage/uploads/2023/03/27/yande.re 970858 sample angel blue_archive horns pajama re-leaf sorasaki_hina wings.jpg', 1, 1, '2023-03-26 23:42:07', '2023-03-26 23:48:29'),
(2, 'Nhạc Âu-Mĩ', 'http://dingmp3.test/admin/sliders/add', '/storage/uploads/2023/03/27/Kw9R0Zvn.png', 1, 1, '2023-03-26 23:44:49', '2023-03-26 23:44:49');

-- --------------------------------------------------------

--
-- Cấu trúc bảng cho bảng `songs`
--

CREATE TABLE `songs` (
  `id` bigint UNSIGNED NOT NULL,
  `name` varchar(255) COLLATE utf8mb4_unicode_ci NOT NULL,
  `thumb` varchar(255) COLLATE utf8mb4_unicode_ci NOT NULL,
  `link` varchar(255) COLLATE utf8mb4_unicode_ci NOT NULL,
  `description` longtext COLLATE utf8mb4_unicode_ci NOT NULL,
  `lyric` longtext COLLATE utf8mb4_unicode_ci NOT NULL,
  `album_id` int DEFAULT NULL,
  `singer_id` int NOT NULL,
  `menu_id` int DEFAULT NULL,
  `likes` int NOT NULL,
  `active` int NOT NULL,
  `created_at` timestamp NULL DEFAULT NULL,
  `updated_at` timestamp NULL DEFAULT NULL
) ENGINE=InnoDB DEFAULT CHARSET=utf8mb4 COLLATE=utf8mb4_unicode_ci;

--
-- Đang đổ dữ liệu cho bảng `songs`
--

INSERT INTO `songs` (`id`, `name`, `thumb`, `link`, `description`, `lyric`, `album_id`, `singer_id`, `menu_id`, `likes`, `active`, `created_at`, `updated_at`) VALUES
(1, 'See tình', '/storage/uploads/2023/03/15/b6318248-cf21-4242-af72-8e2862d6beb6.png', '/storage/uploads/2023/03/15/Hoàng Thùy Linh - SEE TÌNH (Lyrics).mp3', '<p>see t&igrave;nh viral khắp nơi</p>', '<p>way way way ưay</p>', 2, 8, 2, 23421, 1, '2023-03-14 19:02:02', '2023-03-14 20:40:10'),
(3, 'Lemon', '/storage/uploads/2023/03/15/artworks-mVJpUjCi3StSy484-sUSHqQ-t500x500.jpg', '/storage/uploads/2023/03/15/米津玄師 - Lemon Kenshi Yonezu.mp3', '<p>lemon nhạc nhật</p>', '<p>mamasc</p>', 0, 10, 3, 142212, 1, '2023-03-14 20:18:09', '2023-03-14 20:18:09'),
(4, 'Như những phút ban đầu', '/storage/uploads/2023/03/20/1407719667641_500.jpg', '/storage/uploads/2023/03/20/Nhu-Nhung-Phut-Ban-Dau-Hoai-Lam.mp3', '<p>b&agrave;i h&aacute;t của nhạc sĩ ...</p>', '<p>Nếu nuối tiếc tan trong bao tiếc nuối</p>', 0, 7, 2, 521422, 1, '2023-03-20 00:07:17', '2023-03-20 00:07:17'),
(5, 'Chìm sâu', '/storage/uploads/2023/03/20/artworks-oeUcG29kFlGysaJi-t9J7dw-t500x500.jpg', '/storage/uploads/2023/03/20/02. Chìm Sâu - RPT MCK ( ft. Trung Trần ) - - 99_ - the album.mp3', '<p>faf</p>', '<p>tại vf sao bao nhu&ecirc;</p>', 4, 9, 6, 41221, 1, '2023-03-20 00:49:42', '2023-03-20 00:49:42'),
(6, 'Hoa nở không màu', '/storage/uploads/2023/03/22/1618043037_8502_Folder.jpg', '/storage/uploads/2023/03/22/Hoa Nở Không Màu - Hoài Lâm - Acoustic Version.mp3', '<p>Hoa nở kh&ocirc;ng m&agrave;u l&agrave; một ca kh&uacute;c nhạc trẻ do nhạc sĩ Nguyễn Minh Cường s&aacute;ng t&aacute;c v&agrave; được tr&igrave;nh diễn bởi Ho&agrave;i L&acirc;m. Ca kh&uacute;c được ph&aacute;t h&agrave;nh v&agrave;o ng&agrave;y 26 th&aacute;ng 6 năm 2020 tr&ecirc;n nền tảng video trực tuyến YouTube. Ca kh&uacute;c nhanh ch&oacute;ng lọt v&agrave;o top trending YouTube, đứng đầu một số bảng xếp hạng &acirc;m nhạc Việt Nam v&agrave; được xướng t&ecirc;n v&agrave;o danh s&aacute;ch 10 MV nổi bật của Việt Nam trong năm 2020 do YouTube c&ocirc;ng bố. B&agrave;i h&aacute;t cũng đoạt giải Ca kh&uacute;c của năm tại L&agrave;n S&oacute;ng Xanh 2020, giải B&agrave;i h&aacute;t của năm tại Giải thưởng &acirc;m nhạc Cống hiến 2021, đồng thời gi&uacute;p nhạc sĩ Nguyễn Minh Cường gi&agrave;nh giải Nhạc sĩ của năm tại giải thưởng &acirc;m nhạc n&agrave;y.</p>\r\n\r\n<p><a href=\"https://coccoc.com/search?query=hoa%20n%E1%BB%9F%20kh%C3%B4ng%20m%C3%A0u%20pha%CC%81t%20ha%CC%80nh&amp;ps=undefined\" target=\"_self\">Phát hành:</a></p>\r\n\r\n<p>26-06-2020</p>\r\n\r\n<p><a href=\"https://coccoc.com/search?query=hoa%20n%E1%BB%9F%20kh%C3%B4ng%20m%C3%A0u%20thu%20%C3%A2m&amp;ps=undefined\" target=\"_self\">Thu &acirc;m:</a></p>\r\n\r\n<p>2020</p>\r\n\r\n<p><a href=\"https://coccoc.com/search?query=hoa%20n%E1%BB%9F%20kh%C3%B4ng%20m%C3%A0u%20th%E1%BB%83%20lo%E1%BA%A1i&amp;ps=undefined\" target=\"_self\">Thể loại:</a></p>\r\n\r\n<p>Pop, ballad</p>\r\n\r\n<p><a href=\"https://coccoc.com/search?query=hoa%20n%E1%BB%9F%20kh%C3%B4ng%20m%C3%A0u%20th%E1%BB%9Di%20l%C6%B0%E1%BB%A3ng&amp;ps=undefined\" target=\"_self\">Thời lượng:</a></p>\r\n\r\n<p>5:41</p>\r\n\r\n<p><a href=\"https://coccoc.com/search?query=hoa%20n%E1%BB%9F%20kh%C3%B4ng%20m%C3%A0u%20sa%CC%81ng%20ta%CC%81c&amp;ps=undefined\" target=\"_self\">Sáng tác:</a></p>\r\n\r\n<p>Nguyễn Minh Cường</p>', '<p>Chỉ l&agrave; nỗi nhớ m&atilde;i đứng sau cuộc t&igrave;nh đ&atilde; lỡ<br />\r\nChỉ l&agrave; cơn mơ cuốn theo cả một trời thương nhớ<br />\r\nChỉ l&agrave; nỗi đau thổn thức, chỉ l&agrave; nh&oacute;i th&ecirc;m một ch&uacute;t<br />\r\nChỉ l&agrave; nước mắt cứ rưng rưng<br />\r\n<br />\r\nT&igrave;m về k&iacute; ức cố xo&aacute; đi đoạn t&igrave;nh ban sơ<br />\r\nRồi lại chơ vơ đứng giữa nơi đại lộ tan vỡ<br />\r\nM&atilde;i ch&igrave;m đắm trong lầm lỡ<br />\r\nTr&aacute;i tim vẫn kh&ocirc;ng ngừng nhớ<br />\r\nĐợi chờ em đến ho&aacute; ngu ngơ<br />\r\n<br />\r\nT&igrave;nh y&ecirc;u đ&atilde; phai mờ như hoa nở kh&ocirc;ng m&agrave;u<br />\r\nC&agrave;ng n&iacute;u k&eacute;o nhưng lại c&agrave;ng xa c&aacute;ch nhau<br />\r\nĐ&agrave;nh &ocirc;m nỗi đau n&agrave;y chết lặng giữa trời m&acirc;y<br />\r\nHằn lại s&acirc;u trong tr&aacute;i tim hao gầy<br />\r\n<br />\r\nGiờ đ&acirc;y ch&uacute;ng ta l&agrave; hai người dưng kh&aacute;c lạ<br />\r\nBuồn biết mấy nhưng lại chẳng thể n&oacute;i ra<br />\r\nCuộc đời lắm v&ocirc; thường, sao cứ m&atilde;i vấn vương<br />\r\nTự m&igrave;nh &ocirc;m lấy tổn thương ri&ecirc;ng m&igrave;nh !<br />\r\n<br />\r\nChỉ l&agrave; anh cố chấp lu&ocirc;n &acirc;m thầm<br />\r\nBước về ph&iacute;a nắng ấm t&igrave;m em<br />\r\nThế m&agrave; cơn mưa đ&ecirc;m xo&aacute; hết kỷ niệm<br />\r\nChỉ c&ograve;n lại x&aacute;c xơ nỗi nhớ !</p>', 0, 7, 2, 334123, 1, '2023-03-22 07:37:48', '2023-03-22 07:37:48'),
(7, 'Va vào giai điệu này', '/storage/uploads/2023/03/22/artworks-OugBARxFbM9s9MOT-wmbDFQ-t500x500.jpg', '/storage/uploads/2023/03/22/04. Va Vào Giai Điệu Này - RPT MCK - -99_- the album.mp3', '<p>Executive Producers: RPT MCK &amp; LOPE PHẠM Album Producer: LOPE PHẠM A&amp;R Vũ Ngọc Hiếu Mastered by B&ugrave;i Ngọc Quốc Linh ( SaiGon Root Music ) Management Vũ Ngọc Hiếu Creative Dircetion: Fustic. Art Direction: Nam L&ecirc; (Fustic.) Hải Do&atilde;n (Fustic.) Trung Bảo (Fustic.) &amp; idoomythang Design &amp; Packaching: Nam L&ecirc; (Fustic.) Hải Do&atilde;n (Fustic.) Trung Bảo (Fustic.) &amp; Thế Anh (Fustic.) Photography idoomythang Photoshoot Producer: Diệu Anh Stylist: Nam Ph&ugrave;ng Makeup &amp; Hair: Dang Tri Vien Lighting &amp; Assistant: Taki7studio Package Production: LP Club Bussiness Affairs: Vũ Ngọc Hếu XXX : F&ugrave;ng Mink ------------ Contributors RPT MCK Primary Artist 2pillz Producer LOPE PHẠM Producer wokeupat4AM Producer Nghi&ecirc;m Vũ Ho&agrave;ng Long Songwriter Performers Nghi&ecirc;m Vũ Ho&agrave;ng Long Vocals &ndash; Lead Vocals Studio Personnel B&ugrave;i Ngọc Quốc Linh Mastering Engineer B&ugrave;i Ngọc Quốc Linh Mixing Engineer Phạm Trung Ch&iacute;nh Mixing Second Engineer Compositional Nghi&ecirc;m Vũ Ho&agrave;ng Long Lyricist Nghi&ecirc;m Vũ Ho&agrave;ng Long Arranger Artist&rsquo;s Team Personnel Vũ Ngọc Hiếu A &amp; R Administrator</p>', '<p>Oh baby girl yah yah<br />\r\nGimme your love, đ&oacute; l&agrave; phần qu&agrave;<br />\r\nL&agrave;m anh ch&igrave;m s&acirc;u trước khi anh nhận ra rằng l&agrave; &ldquo;no&rdquo; !<br />\r\nCh&aacute;u của anh sẽ gọi em bằng b&agrave;<br />\r\n<br />\r\nBởi v&igrave; anh muốn nắm tay nhau<br />\r\nV&agrave; va v&agrave;o giai điệu n&agrave;y<br />\r\nĐể bản th&acirc;n n&agrave;y 1 ng&agrave;y chẳng c&ograve;n thấy giọt buồn chậm lăn ở 2 mi ooh ooh, yeah<br />\r\nNắm tay nhau v&agrave; va v&agrave;o giai điệu n&agrave;y<br />\r\n<br />\r\nĐể 1 ng&agrave;y em hiểu được l&agrave; there ain&rsquo;t nobody like me oh no, yeah<br />\r\nTay đan trong tay ta chung đ&ocirc;i đi v&agrave;o club<br />\r\nBaby tin anh ta kh&ocirc;ng xếp ở h&agrave;ng chờ<br />\r\nAnh khoe baby anh như Playboi Camau<br />\r\n<br />\r\nBaby nh&aacute;y mắt, quay đi, l&agrave;m NGER<br />\r\nVậy t&igrave;nh l&agrave; g&igrave; l&agrave;m m&igrave;nh viết ra ther<br />\r\nAnh đ&atilde; qu&aacute; *** với kiếp đợi chờ<br />\r\nTa đang h&ocirc;n nhau trong club đ&egrave;n merrr yeah yeah yeah<br />\r\n<br />\r\nFunny man, with a funny girl<br />\r\nSi&ecirc;u sao, and lovebirds<br />\r\nEm l&agrave; Chanel, Versache, Bape<br />\r\nGặp drama, em skrtskrt<br />\r\n<br />\r\nNhiệt độ tăng nhanh khiến anh ch&oacute;ng mặt<br />\r\nEm l&agrave;m thời gian như đ&oacute;ng băng<br />\r\nBởi v&igrave; anh biết trong tim em l&agrave; ice ice ice ice<br />\r\nOoh<br />\r\n<br />\r\nDCOD life yeah<br />\r\nCh&acirc;n em mang Nike low ooh<br />\r\nYou gotta pick a side yeah<br />\r\nEenie miney moe<br />\r\n<br />\r\nM&igrave;nh c&ugrave;ng ngồi ngắm trăng t&agrave;n<br />\r\nỞ S&agrave;i G&ograve;n hai giờ đ&ecirc;m<br />\r\nHenni l&agrave;m mắt ai mờ th&ecirc;m<br />\r\nYeah sau đ&ecirc;m nay xem l&agrave; ai ở b&ecirc;n<br />\r\n<br />\r\nC&ugrave;ng nắm tay nhau v&agrave; va v&agrave;o giai điệu n&agrave;y<br />\r\nĐể bản th&acirc;n n&agrave;y 1 ng&agrave;y chẳng c&ograve;n thấy giọt buồn chậm lăn ở 2 mi ooh ooh, yeah<br />\r\nNắm tay nhau v&agrave; va v&agrave;o giai điệu n&agrave;y<br />\r\nĐể 1 ng&agrave;y em hiểu được l&agrave; there ain&rsquo;t nobody like me oh no, yeah<br />\r\n<br />\r\nOoh la la la la<br />\r\nOoh la la la la<br />\r\nWake up ở cầu S&agrave;i G&ograve;n<br />\r\nVới những mẩu chuyện d&agrave;i th&ograve;ng<br />\r\n<br />\r\nJust let me ease ur mind<br />\r\nOoh la la la la<br />\r\nEm ch&iacute;nh l&agrave; điều thần k&igrave;<br />\r\nGh&eacute; đến v&agrave; rồi thầm th&igrave;<br />\r\n<br />\r\nCần g&igrave; khi đ&atilde; c&oacute; nhau<br />\r\nOoh la la la la<br />\r\nThanh &acirc;m b&ecirc;n tai đ&ocirc;i khi ng&acirc;y ngất như m&ugrave;i hương tr&ecirc;n vai<br />\r\nV&agrave; đam m&ecirc; của anh l&agrave; h&aacute;i ra tiền<br />\r\n<br />\r\nĐặt một nụ cười l&ecirc;n m&ocirc;i em đ&ecirc;m mai<br />\r\nYeah, anh kh&ocirc;ng hay ghen<br />\r\nV&agrave; niềm vui của anh l&agrave; được h&ocirc;n tay em<br />\r\nV&agrave; ngay sau đ&ecirc;m nay l&agrave; anh đ&atilde; muốn<br />\r\n<br />\r\nAnh đ&atilde; muốn<br />\r\nYeah<br />\r\nDCOD life yeah<br />\r\nCh&acirc;n em mang Nike low ooh<br />\r\n<br />\r\nYou gotta pick a side yeah<br />\r\nEenie miney moe<br />\r\nM&igrave;nh c&ugrave;ng ngồi ngắm trăng t&agrave;n<br />\r\nỞ S&agrave;i G&ograve;n hai giờ đ&ecirc;m<br />\r\n<br />\r\nHenni l&agrave;m mắt ai mờ th&ecirc;m<br />\r\nYeah sau đ&ecirc;m nay xem l&agrave; ai ở b&ecirc;n<br />\r\nC&ugrave;ng nắm tay nhau v&agrave; va v&agrave;o giai điệu n&agrave;y<br />\r\n<br />\r\nĐể bản th&acirc;n n&agrave;y 1 ng&agrave;y chẳng c&ograve;n thấy giọt buồn chậm lăn ở 2 mi ooh ooh, yeah<br />\r\nNắm tay nhau v&agrave; va v&agrave;o giai điệu n&agrave;y<br />\r\nĐể 1 ng&agrave;y em hiểu được l&agrave; there ain&rsquo;t nobody like me oh no, yeah</p>', 4, 9, 6, 12432, 1, '2023-03-22 07:41:42', '2023-03-22 07:41:42'),
(8, 'Y.Ê.U', '/storage/uploads/2023/03/22/1517905069235_640.jpg', '/storage/uploads/2023/03/22/MIN from ST.319 - Y.Ê.U (EDM Ver.) M-V.mp3', '<p>&nbsp;</p>\r\n\r\n<p>T&ecirc;n b&agrave;i h&aacute;t: Y.&Ecirc;.U<br />\r\nCa sĩ: Min (St.319)<br />\r\nS&aacute;ng t&aacute;c: unknown<br />\r\nAlbum: unknown<br />\r\nNg&agrave;y ra mắt: 11/02/2016<br />\r\nThể loại: Việt Nam, Dance Việt</p>\r\n\r\n<p>Production Team: ST.319 Executive Producer: AIDEN NGUYỄN Project Leader &amp; Artist Producer: AIDEN NGUYỄN Executive Supervisors: RIN NGUYỄN, NGHĨA ĐINH Song Composed and Produced by KHAC HUNG Music Consultant: NGUYỄN TRAN TRUNG QUAN Mixed &amp; Mastered by MINH ĐAT (Recorded at X-Records) Single Photo Album by JIN NGUYỄN</p>', '<p>Y.&Ecirc;.U l&agrave; c&ugrave;ng nhau trong tay đi dưới con đường<br />\r\nL&agrave; c&ugrave;ng trao cho nhau ngọt m&ocirc;i h&ocirc;n<br />\r\nL&agrave; v&ograve;ng tay y&ecirc;u thương &ocirc;m m&atilde;i kh&ocirc;ng rời<br />\r\nTừng ph&uacute;t gi&acirc;y tuyệt vời<br />\r\nY.&Ecirc;.U l&agrave; ng&agrave;y em b&ecirc;n anh kh&ocirc;ng ch&uacute;t ưu phiền<br />\r\nTừng buồn lo tr&ocirc;i qua ng&agrave;y b&igrave;nh y&ecirc;n<br />\r\nNồng n&agrave;n ta trao nhau gi&acirc;y ph&uacute;t tuyệt vời<br />\r\nNguyện thề lu&ocirc;n b&ecirc;n nhau m&atilde;i.<br />\r\nD&ugrave; thời gian tr&ocirc;i qua vẫn lu&ocirc;n b&ecirc;n người<br />\r\nD&ugrave; ng&agrave;y th&aacute;ng ph&ocirc;i pha ta vẫn kh&ocirc;ng c&aacute;ch rời<br />\r\nB&ecirc;n nhau suốt đời&hellip;m&igrave;nh x&acirc;y giấc mơ chung đ&ocirc;i<br />\r\nH&atilde;y b&ecirc;n em thật gần nh&eacute; anh<br />\r\nĐể cảm nhận hết y&ecirc;u thương từ&hellip;trong tr&aacute;i tim n&agrave;y<br />\r\nGi&agrave;nh hết cho người<br />\r\nH&atilde;y trao em nụ h&ocirc;n đắm say<br />\r\nNgọt ng&agrave;o như ph&uacute;t gi&acirc;y ban đầu<br />\r\nNg&agrave;y nắng xanh ngời<br />\r\nNguyện ước c&oacute; nhau trọn đời</p>', 0, 11, 2, 32142, 1, '2023-03-22 07:47:17', '2023-03-22 07:47:17'),
(9, 'Bo xì bo', '/storage/uploads/2023/03/22/artworks-w3Rmq6YkRhMJoak9-qYhQrw-t500x500.jpg', '/storage/uploads/2023/03/22/Bo Xì Bo (Orinn Remix) - Hoàng Thuỳ Linh - Nhạc Remix Căng Cực Hot TikTok Hay Nhất 2022.mp3', '<p>Album:&nbsp;<a href=\"https://www.google.com.vn/search?sa=X&amp;hl=vi&amp;sxsrf=AJOqlzXqZQJ8Acxj81kUCg-DOhEbzhqsLg:1679496597602&amp;q=Ho%C3%A0ng+Th%C3%B9y+Linh+LINK&amp;stick=H4sIAAAAAAAAAOPgE-LVT9c3NCw2za3KKDPLVoJwS8yLk4zNzXO01LOTrfRzS4szk_WLUpPzi1Iy89Ljk3NKi0tSi6zSMouKSxQSc5JKcxexinnkH16Ql64QknF4Z6WCT2ZehoKPp5_3DlbGXexMHAwAHfDkKWoAAAA&amp;ved=2ahUKEwiUz-ew5O_9AhU9cGwGHb6CALoQmxMoAHoECBMQAg\">LINK</a></p>\r\n\r\n<p>Nghệ sĩ:&nbsp;<a href=\"https://www.google.com.vn/search?sa=X&amp;hl=vi&amp;sxsrf=AJOqlzXqZQJ8Acxj81kUCg-DOhEbzhqsLg:1679496597602&amp;q=Ho%C3%A0ng+Th%C3%B9y+Linh&amp;stick=H4sIAAAAAAAAAOPgE-LVT9c3NCw2za3KKDPLVuLSz9U3MM_OMjE20VLKTrbSzy0tzkzWL0pNzi9KycxLj0_OKS0uSS2ySiwqySwuWcQq6JF_eEFeukJIxuGdlQo-mXkZO1gZd7EzcTAAAATdkuVdAAAA&amp;ved=2ahUKEwiUz-ew5O_9AhU9cGwGHb6CALoQmxMoAHoECBUQAg\">Ho&agrave;ng Th&ugrave;y Linh</a></p>\r\n\r\n<p>Đã phát hành:&nbsp;2022</p>\r\n\r\n<p>Thể loại:&nbsp;<a href=\"https://www.google.com.vn/search?sa=X&amp;hl=vi&amp;sxsrf=AJOqlzXqZQJ8Acxj81kUCg-DOhEbzhqsLg:1679496597602&amp;q=&amp;si=AEcPFx7eHRJU0tWbjC5cc2C2rVygfPuoetC2JDc0IDqLp89f-ExdTHscu60YW1HidwA9u6CY5fu8OS8wcpBvi5RJUeH7VXJpMvuOMtzZNdL3DXTJY5VbJUxaGKAE30RJPWx0y9B6iB9a0ybG-kOqZR-WpD7CqcdI1NmblaHH5b4UuqC8wEkggr0IdfNlDW2NnI4EbCdhkK-N9haaRPwtDy7kHmyDw3s3Vy2ka6TscbptlsbllnOTk-B0pIKWGxcl60pjJfuto3xrDia1y7SmgcI4v7CVxd_icg%3D%3D&amp;ved=2ahUKEwiUz-ew5O_9AhU9cGwGHb6CALoQmxMoAHoECBQQAg\">Vietnamese Ballad</a>,&nbsp;<a href=\"https://www.google.com.vn/search?sa=X&amp;hl=vi&amp;sxsrf=AJOqlzXqZQJ8Acxj81kUCg-DOhEbzhqsLg:1679496597602&amp;q=&amp;si=AEcPFx7eHRJU0tWbjC5cc2C2rVygfPuoetC2JDc0IDqLp89f-AZW4259vBZfPtVFSa9cFAUen6neD-dO4TFU2suDdFncgS1ES2poREJAWoIdJAp-1PdREgIliilxgzDUt_OfFR4JJqqil_Mpt2WVUdzaU3k25UTcv2VnPLVbyCVvtcwVmfhPvs-Oh3cbjJF86T5LM26eoEactae845et0cvc3wjTlG37o6HpNFfQL5EBx7W3twAuQxv58fPof4OkDYlwVRvjWNWdju9_yk8cnO83Gw2y-H_O7A%3D%3D&amp;ved=2ahUKEwiUz-ew5O_9AhU9cGwGHb6CALoQmxMoAXoECBQQAw\">Pop</a>,&nbsp;<a href=\"https://www.google.com.vn/search?sa=X&amp;hl=vi&amp;sxsrf=AJOqlzXqZQJ8Acxj81kUCg-DOhEbzhqsLg:1679496597602&amp;q=&amp;si=AEcPFx7eHRJU0tWbjC5cc2C2rVygfPuoetC2JDc0IDqLp89f-JnCAEMVyxlAv8NVH2LxclowXfrCX7i721i4VESBJv89c7fr_tsU_GOf2R5jfLe1XA_YP4DrJgVBWRljR-hleH9X4FPF2o5UyMHCeP_dKZUKTepcQsS3PgG1i3NyWfcGo81DVxk2FK8Azq-PVcNJjoqDif2MIR3aVteTCp78amKN8uwA69FooknnIY3lh-GatPyzPFXww-zuJ8W6zmHI4KP6aYhUe_OkceRchpDdeau5Hb2KAQ%3D%3D&amp;ved=2ahUKEwiUz-ew5O_9AhU9cGwGHb6CALoQmxMoAnoECBQQBA\">Vietnamese Hip Hop</a>,&nbsp;<a href=\"https://www.google.com.vn/search?sa=X&amp;hl=vi&amp;sxsrf=AJOqlzXqZQJ8Acxj81kUCg-DOhEbzhqsLg:1679496597602&amp;q=&amp;si=AEcPFx7eHRJU0tWbjC5cc2C2rVygfPuoetC2JDc0IDqLp89f-KVj2iCa4CGONWovHCXD8KGVn8tzUfVltBgy4zylccvJE6WJ9jNdnyUSiFNGTJW745PR9Yzra16wDGQVScfu-93o46BUaJXvkA3c1ioREeygNdm9NVYMCPOme_W7iI_-BPX92uMkesyrjnHIDSK08rT-_D-OoDl4KJO0kz10pBkstuu23uETx26zxNhri4_nRCJxIjzRV8arPOP9S81tjHnMIqzKrjBnf1nt9Vg46ao7OHQqeg%3D%3D&amp;ved=2ahUKEwiUz-ew5O_9AhU9cGwGHb6CALoQmxMoA3oECBQQBQ\">Vietnamese Indie Pop</a></p>', '<p>Trời trong xanh nhưng thấy anh vẫn cau m&agrave;y<br />\r\nThật l&ograve;ng em chắc c&oacute; lẽ n&ecirc;n cầu may<br />\r\nL&agrave;m cho em cứ nghĩ suy đến hao gầy<br />\r\nCũng l&agrave; do t&iacute;nh anh hay g&agrave;o do t&iacute;nh anh hay g&agrave;o</p>\r\n\r\n<p>Từng ng&agrave;y qua cuộc chiến anh đang khơi m&agrave;o<br />\r\nHẳn l&agrave; anh thắc mắc em sẽ l&agrave;m sao<br />\r\nVậy th&igrave; th&ocirc;i bữa tối nay em khao mời<br />\r\nRồi ng&agrave;y mai em bu&ocirc;ng lơi cho anh bơi lu&ocirc;n ah yeah yeah</p>\r\n\r\n<p>Anh n&oacute;i anh hiểu em cứ như một chuy&ecirc;n gia &agrave;<br />\r\nYah yah yah anh l&agrave; ch&uacute;a tể m&agrave;<br />\r\nAnh chốt đơn người anh kết h&ocirc;n l&agrave; em &agrave;<br />\r\nNah nah nah em kh&ocirc;ng chơi em kh&ocirc;ng chơi thế nh&aacute;<br />\r\nHuh hey<br />\r\nC&oacute; lẽ anh chỉ y&ecirc;u mỗi anh v&agrave; m&igrave;nh anh th&ocirc;i<br />\r\nHuh hey<br />\r\nAnh n&oacute;i ra to&agrave;n s&aacute;ch gi&aacute;o khoa em thường đọc rồi</p>\r\n\r\n<p>Trời trong xanh nhưng thấy anh vẫn cau m&agrave;y<br />\r\nThật l&ograve;ng em chắc c&oacute; lẽ n&ecirc;n cầu may<br />\r\nL&agrave;m cho em cứ nghĩ suy đến hao gầy<br />\r\nCũng l&agrave; do t&iacute;nh anh hay g&agrave;o do t&iacute;nh anh hay g&agrave;o</p>\r\n\r\n<p>Từng ng&agrave;y qua cuộc chiến anh đang khơi m&agrave;o<br />\r\nHẳn l&agrave; anh thắc mắc em sẽ l&agrave;m sao<br />\r\nVậy th&igrave; th&ocirc;i bữa tối nay em khao mời<br />\r\nRồi ng&agrave;y mai em bu&ocirc;ng lơi cho anh bơi lu&ocirc;n ah yeah yeah</p>\r\n\r\n<p>Vậy th&ocirc;i bo x&igrave; bo bo x&igrave; bo th&ocirc;i<br />\r\nNghỉ chơi bo x&igrave; lu&ocirc;n nghỉ chơi<br />\r\nĐừng c&ograve; quay khiến em hụt hơi<br />\r\nĐừng đừng tr&egrave;o cao ho&aacute; ra lại rơi<br />\r\nĐừng dừng xe trước ngay nh&agrave; em<br />\r\nĐừng đừng t&igrave;m em mỗi khi say m&egrave;m (yah)</p>\r\n\r\n<p>Nh&agrave; đầu tư n&agrave;y đến từ đ&acirc;u (where)<br />\r\nĐọc lệnh như thế sao m&agrave; quay đầu<br />\r\nHiểu em tất cả to&agrave;n l&agrave; hiểu sai<br />\r\nCộng trừ nh&acirc;n giỏi trước khi hiểu ai</p>\r\n\r\n<p>Vậy th&ocirc;i bo x&igrave; bo bo x&igrave; bo th&ocirc;i<br />\r\nNghỉ chơi bo x&igrave; lu&ocirc;n nghỉ chơi<br />\r\nHuh hey<br />\r\nC&oacute; lẽ anh chỉ y&ecirc;u mỗi anh v&agrave; m&igrave;nh anh th&ocirc;i<br />\r\nHuh hey<br />\r\nAnh n&oacute;i ra to&agrave;n s&aacute;ch gi&aacute;o khoa em thường đọc rồi</p>\r\n\r\n<p>Trời trong xanh nhưng thấy anh vẫn cau m&agrave;y<br />\r\nThật l&ograve;ng em chắc c&oacute; lẽ n&ecirc;n cầu may<br />\r\nL&agrave;m cho em cứ nghĩ suy đến hao gầy<br />\r\nCũng l&agrave; do t&iacute;nh anh hay g&agrave;o do t&iacute;nh anh hay g&agrave;o</p>\r\n\r\n<p>Từng ng&agrave;y qua cuộc chiến anh đang khơi m&agrave;o<br />\r\nHẳn l&agrave; anh thắc mắc em sẽ l&agrave;m sao<br />\r\nVậy th&igrave; th&ocirc;i bữa tối nay em khao mời<br />\r\nRồi ng&agrave;y mai em bu&ocirc;ng lơi cho anh bơi lu&ocirc;n ah yeah</p>\r\n\r\n<p>Trời trong xanh nhưng thấy anh vẫn cau m&agrave;y<br />\r\nThật l&ograve;ng em chắc c&oacute; lẽ n&ecirc;n cầu may</p>', 2, 8, 2, 34124, 1, '2023-03-22 07:50:30', '2023-03-22 07:50:30'),
(10, 'Odori', '/storage/uploads/2023/03/22/UV1AS-00605_CeE_extralarge.jpg', '/storage/uploads/2023/03/22/【Ado】踊.mp3', '<p>Vo：Ado</p>\r\n\r\n<p>&nbsp;Music &amp; Arrange &amp; Mix：Giga様</p>\r\n\r\n<p>&nbsp;Music &amp; Arrange：TeddyLoid様</p>\r\n\r\n<p>Lyrics：DECO*27様</p>\r\n\r\n<p>&nbsp;Illust：かゆか様</p>\r\n\r\n<p>Movie：藍瀬 まなみ様</p>\r\n\r\n<p>&nbsp;Image Director：ORIHARA様</p>\r\n\r\n<p>NHK総合「夜光音楽 ボカロP 5min.」テーマソング</p>', '<p>[Intro]<br />\r\nHanpa nara K.O. fuwafuwa<br />\r\nShitai nara douzo<br />\r\nKaien junbi shichaou ka naitemo warattemo aishite ne<br />\r\nHora say no teion hibikasero<br />\r\n<br />\r\n[Verse 1]<br />\r\nNandaka natte tsumannai koto mo aru deshou<br />\r\nRonrii ronri no nooto handii honki dassou<br />\r\nYan nacchate doro ni bad go hatto darou ga<br />\r\nOborete ochite sorosoro ikka<br />\r\n<br />\r\n[Verse 2]<br />\r\nMotto ganbatte agaru made motto ganbatte<br />\r\nTsunagarou hitori yori futari fuetara anshin shinpai nai ya<br />\r\nAlright makasete don&#39;t mind<br />\r\nNami ari nandai minna de nokkacchaeba<br />\r\nHuh, angai sakutto icchaisou<br />\r\n<br />\r\n[Pre-Chorus]<br />\r\nHanpa nara K.O. fuwafuwa<br />\r\nShitai nara douzo<br />\r\nKaien junbi shichaou ka<br />\r\nNaitemo warattemo aishite ne<br />\r\nHora say no teion hibikasero<br />\r\n<br />\r\n[Chorus]<br />\r\nYeah, koyoi wa anten paatii<br />\r\nWoah, woah<br />\r\nOdoridase, odoridase<br />\r\nKodoku wa sakkin manin orei<br />\r\nWoah, woah<br />\r\nItami made oshea de<br />\r\nKokora de baibai let go<br />\r\n<br />\r\n[Interlude]<br />\r\n<br />\r\n[Verse 3]<br />\r\nDonna rettoukanda tote<br />\r\nSokkyou no kesshouban de<br />\r\nOsaеkonde tsukkonde shimacchau desho, ai yеah<br />\r\nUp and down na tenshon (Uh)<br />\r\nNee maicchaten no soutou (Yeah)<br />\r\nDobatto fukidasu no wa honne no hitorigoto<br />\r\n<br />\r\n[Verse 4]<br />\r\n&quot;Betsu ni kyoumi nai&quot; (Nai)<br />\r\n&quot;Toku ni kankei nai&quot; (Nai, nai)<br />\r\nFusagikonde zeppou zecchou e<br />\r\nAizu wo kanadete prr, prr, prr, prr yeah<br />\r\nHora atsumate yakou da<br />\r\nAy-yeah, naite ikou<br />\r\n<br />\r\n[Interlude]<br />\r\n<br />\r\n[Bridge]<br />\r\nBa-la-bam-balam-balam-ba<br />\r\nBa-balam-ba, bala-balam-ba<br />\r\nBa-la-bam-balam-balam-ba<br />\r\nBa-la-balam-bam-ba-bam<br />\r\nHanpa nara K.O<br />\r\nYeah, yeah, yeah, yeah, yeah, ah!<br />\r\n<br />\r\n[Chorus]<br />\r\nWoah, woah<br />\r\nOdoridase, odoridase<br />\r\nKodoku wa sakkin manin orei<br />\r\nWoah, woah<br />\r\nItami made oshea de<br />\r\nKoyoi mo anten paatii da<br />\r\nWoah, woah<br />\r\nMata no okoshi wo kitto, woo<br />\r\nWoah, woah<br />\r\nJikai made wo genki de<br />\r\nKokora de baibai let go</p>', 5, 12, 3, 1572632, 1, '2023-03-22 08:01:06', '2023-03-22 08:01:06'),
(11, 'Usse ~ewa', '/storage/uploads/2023/03/22/Ado_-_Usseewa.jpg', '/storage/uploads/2023/03/22/【Ado】うっせぇわ.mp3', '<ul>\r\n	<li>Ca sĩ:&nbsp;<a href=\"http://chiasenhac.vn/ca-si/ado-zss6b6t6qkqkfk.html\">Ado</a></li>\r\n	<li>S&aacute;ng t&aacute;c:&nbsp;<a href=\"http://chiasenhac.vn/tim-kiem?q=syudou&amp;filter=sang-tac\">syudou</a></li>\r\n	<li>Album:&nbsp;<a href=\"http://chiasenhac.vn/nghe-album/kyougen-xss6ccdtqkvvmf.html\">Kyougen (狂言)</a></li>\r\n	<li>Năm ph&aacute;t h&agrave;nh:&nbsp;2022</li>\r\n</ul>', '<ul>\r\n	<li>\r\n	<p>Lời b&agrave;i h&aacute;t Usseewa (うっせぇわ)</p>\r\n	</li>\r\n</ul>\r\n\r\n<p>Tadashi sato wa<br />\r\nOroka sato wa<br />\r\nSoregananika misetsukete yaru<br />\r\nChitchana koro kara yūtōsei.<br />\r\n<br />\r\nKidzuitara otona ni natte ita<br />\r\nNaifu no yōna shikō kairo<br />\r\nMochiawaseru wake mo naku<br />\r\nDemo.<br />\r\n<br />\r\nAsobi tarinai<br />\r\nNanika tarinai<br />\r\nKomatchimau kore wa dare ka no sei<br />\r\nAte mo naku tada konran suru eidei.<br />\r\n<br />\r\nSore mo sokka<br />\r\nSaishin no ryūkō wa tōzen no haaku<br />\r\nKeizai no dōkō mo tsūkin-ji chekku<br />\r\nJunjōna seishin de nyūsha shi wāku.<br />\r\n<br />\r\nShakai hito ja tōzen no rūrudesu<br />\r\nHa a? Usse eusse eusse ewa<br />\r\nAnata ga omou yori kenkōdesu<br />\r\nIssai gassai omoi yona.<br />\r\n<br />\r\nAnata ja wakaranai kamo ne<br />\r\nAa yoku niau<br />\r\nSono ka mo naku fuka mo nai merodī<br />\r\nUsse eusse eusse ewa.<br />\r\n<br />\r\nAtama no deki ga chigau node mondai wa nashi<br />\r\nTsutte mo watashi mohan ningen<br />\r\nNaguttari suru no wa nōsenkyū<br />\r\nDattara kotoba no jūkō o.<br />\r\n<br />\r\nSono atama ni tsukitsukete<br />\r\nUteba<br />\r\nMajiyaba nai?<br />\r\nTomareyashinai.<br />\r\n<br />\r\nFuhei fuman tarete narenohate<br />\r\nSadisutikku ni henbō suru seishin<br />\r\nKuso dari ina<br />\r\nSake ga suita gurasu areba sugu ni sosogi nasai.<br />\r\n<br />\r\nMina ga tsumami yasui yō ni kushi hazushi nasai<br />\r\nKaikei ya chūmon wa senjin o kiru<br />\r\nFubunritsu saiteigen no manādesu<br />\r\nHa a? Usse eusse eusse ewa.<br />\r\n<br />\r\nKuse e kuchi fusage ya genkaidesu<br />\r\nZettai zettai gendai no<br />\r\nDaiben-sha wa watashi ya ro ga i<br />\r\nMō miakita wa nibansenji iikae no parodi.<br />\r\n<br />\r\nUsse eusse eusse ewa<br />\r\nMarumaru to niku tsuita sono ganmen ni batsu<br />\r\nUsse eusse eusse ewa<br />\r\nUsse eusse eusse ewa.<br />\r\n<br />\r\nWatashi ga zokuniiu tensaidesu<br />\r\nUsse eusse eusse ewa<br />\r\nAnata ga omou yori kenkōdesu<br />\r\nIssai gassai omoi yona.<br />\r\n<br />\r\nAnata ja wakaranai kamo ne<br />\r\nAa tsumarane e nankai kika seru nda sono memorī<br />\r\nUsse eusse eusse ewa<br />\r\nAtashi mo taigaidakedo dō datte ī ze mondai wa nashi.</p>', 5, 12, 3, 1631231, 1, '2023-03-22 08:04:33', '2023-03-22 08:04:33'),
(12, 'Chỉ một đêm nữa thôi', '/storage/uploads/2023/03/22/artworks-s7MNU8X2kLrhOyua-RhMXyQ-t500x500.jpg', '/storage/uploads/2023/03/22/06. Chỉ Một Đêm Nữa Thôi - RPT MCK ( ft. tlinh ) - - 99_ - the album.mp3', '<p>Contributors RPT MCK Primary Artist tlinh Featuring Artist Atez Producer Nghi&ecirc;m Vũ Ho&agrave;ng Long Songwriter Nguyễn Thảo Linh Songwriter Performers Nghi&ecirc;m Vũ Ho&agrave;ng Long Vocals &ndash; Lead Vocals Nguyễn Thảo Linh Vocals &ndash; Lead Vocals Studio Personnel B&ugrave;i Ngọc Quốc Linh Mastering Engineer B&ugrave;i Ngọc Quốc Linh Mixing Engineer Phạm Trung Ch&iacute;nh Mixing Second Engineer Compositional Nghi&ecirc;m Vũ Ho&agrave;ng Long Lyricist Nguyễn Thảo Linh Lyricist Nghi&ecirc;m Vũ Ho&agrave;ng Long Arranger Artist&rsquo;s Team Personnel Vũ Ngọc Hiếu A &amp; R Administrator</p>', '<p><strong>[Lời b&agrave;i h&aacute;t &quot;Chỉ Một Đ&ecirc;m Nữa Th&ocirc;i&quot; bởi RPT MCK, tlinh]</strong><br />\r\n<br />\r\n[Intro]<br />\r\nChỉ một đ&ecirc;m nữa th&ocirc;i<br />\r\nChỉ một đ&ecirc;m nữa th&ocirc;i<br />\r\nChỉ một đ&ecirc;m nữa th&ocirc;i<br />\r\nChỉ một đ&ecirc;m nữa th&ocirc;i<br />\r\n<br />\r\n[Verse: MCK]<br />\r\nĐ&ocirc;i khi đi hơi nhanh như con xe kh&ocirc;ng phanh<br />\r\n(Đ&ocirc;i khi l&agrave;m m&igrave;nh lẻ loi)<br />\r\n&Acirc;m thanh vang l&ecirc;n nghe trong tai nghe<br />\r\n(V&agrave; t&igrave;nh y&ecirc;u th&igrave; đ&atilde; l&ecirc;n ng&ocirc;i)<br />\r\nNh&igrave;n đ&ecirc;m tr&ocirc;i em s&aacute;t b&ecirc;n t&ocirc;i<br />\r\n(Chạm v&agrave;o em mới bất gi&aacute;c l&ecirc;n ng&ocirc;i)<br />\r\nMọi buồn đau rồi sẽ qu&ecirc;n thối &ocirc;iiiii<br />\r\n<br />\r\nMấy c&aacute;i tin inbox của em giờ đang ở trong đầu<br />\r\nV&agrave; anh đ&atilde; thức biết bao nhi&ecirc;u l&agrave; đ&ecirc;m d&agrave;i mong ng&oacute;ng<br />\r\nKh&ocirc;ng cần phải n&oacute;i m&agrave; sao vẫn cứ hiểu thấu l&ograve;ng nhau<br />\r\nSame frequency, I don&#39;t wanna let u go<br />\r\n<br />\r\n[Chorus: MCK,&nbsp;<strong>tlinh</strong>]<br />\r\nYeh Anh kh&ocirc;ng muốn thức dậy<br />\r\n<strong>(Chỉ một đ&ecirc;m nữa th&ocirc;i)</strong><br />\r\nAnh muốn ch&igrave;m trong đ&ocirc;i mắt n&agrave;ng<br />\r\n<strong>(Chỉ một đ&ecirc;m nữa th&ocirc;i)</strong><br />\r\nCạm bẫy vẫn đang xung quanh em<br />\r\n<strong>(Chỉ một đ&ecirc;m nữa th&ocirc;i)</strong><br />\r\nClutching got it got it got it girl... d&eacute; e (one two three...)</p>\r\n\r\n<p>You might also like</p>\r\n\r\n<p><a href=\"https://genius.com/Stephen-sanchez-until-i-found-you-lyrics\">Until I Found You</a></p>\r\n\r\n<p><a href=\"https://genius.com/Stephen-sanchez-until-i-found-you-lyrics\">Stephen Sanchez</a></p>\r\n\r\n<p><a href=\"https://genius.com/Rpt-mck-thoi-em-ung-i-lyrics\">Th&ocirc;i Em Đừng Đi</a></p>\r\n\r\n<p><a href=\"https://genius.com/Rpt-mck-thoi-em-ung-i-lyrics\">RPT MCK</a></p>\r\n\r\n<p><a href=\"https://genius.com/Beckstage-x-bitis-hunter-thu-o-cypher-lyrics\">Thủ Đ&ocirc; Cypher</a></p>\r\n\r\n<p><a href=\"https://genius.com/Beckstage-x-bitis-hunter-thu-o-cypher-lyrics\">Beck&rsquo;Stage X Biti&rsquo;s Hunter</a></p>\r\n\r\n<p>[Verse: MCK,&nbsp;<strong>Both</strong>]<br />\r\nDCOD Life<br />\r\nCh&acirc;n em mang Nike Low<br />\r\nYou gotta pick a side<br />\r\nEenie miney moe<br />\r\nM&igrave;nh c&ugrave;ng ngồi ngắm trăng t&agrave;n<br />\r\nỞ S&agrave;i G&ograve;n hai giờ đ&ecirc;m<br />\r\nHenni l&agrave;m mắt ai mờ th&ecirc;m<br />\r\nYeah sau đ&ecirc;m nay xem l&agrave; ai ở b&ecirc;n<br />\r\n<br />\r\nQuấn một điếu thật to<br />\r\nM&atilde;i giống với Th&agrave;nh Draw<br />\r\nBọn em muốn c&oacute; thật l&agrave; nhiều tiền<br />\r\nAnd we gonna make some more<br />\r\nACID gang gang 350<br />\r\nL&uacute;c đ&oacute; nh&igrave;n em thật đẹp<br />\r\nThat&#39;s everything I know<br />\r\n<br />\r\nM&igrave;nh c&ugrave;ng xuống phố, khi đ&atilde; l&ecirc;n đồ<br />\r\nBầu trời nhiều sao m&agrave; đ&ecirc;m nay vẫn tối đen<br />\r\nBao nhi&ecirc;u cạm vẫy, đang ở thi&ecirc;n đường<br />\r\n<strong>Nhưng m&agrave; tại sao trong tim anh c&oacute; mỗi em</strong><br />\r\n<br />\r\n<strong>V&agrave; sẽ c&ograve;n biết đớn đau l&agrave; đến bằng n&agrave;y</strong><br />\r\n<strong>Nếu cứ tiếp tục tr&ecirc;n đ&agrave; n&agrave;y</strong><br />\r\n<strong>I&#39;m so gonna fucking fucking fucking fucking fall in love with you</strong></p>\r\n\r\n<p>[Chorus: MCK,&nbsp;<strong>tlinh</strong>]<br />\r\nYeh Anh kh&ocirc;ng muốn thức dậy<br />\r\n<strong>(Chỉ một đ&ecirc;m nữa th&ocirc;i)</strong><br />\r\nAnh muốn ch&igrave;m trong đ&ocirc;i mắt n&agrave;ng<br />\r\n<strong>(Chỉ một đ&ecirc;m nữa th&ocirc;i)</strong><br />\r\nCạm bẫy vẫn đang xung quanh em<br />\r\n<strong>(Chỉ một đ&ecirc;m nữa th&ocirc;i)</strong><br />\r\nClutching got it got it got it girl... d&eacute; e (one two three...)<br />\r\n<br />\r\n[Verse: tlinh,&nbsp;<strong>MCK</strong>]<br />\r\nCho em nắm tay anh một ch&uacute;t được kh&ocirc;ng?&nbsp;<strong>(được được)</strong><br />\r\nNhững điều sau đ&acirc;y xin ph&eacute;p được n&oacute;i thật l&ograve;ng&nbsp;<strong>(tell mе babyyy)</strong><br />\r\nEm kh&ocirc;ng chắc em đang cảm thấy y&ecirc;u g&igrave; nhưng m&agrave; nhớ anh, chỉ muốn thấy anh ở b&ecirc;n cạnh<br />\r\nYou got me tripping như bị rơi v&agrave;o tr&ograve;ng&nbsp;<strong>(tripping) (baby)</strong><br />\r\nNhưng em kh&ocirc;ng thấy bản th&acirc;n m&igrave;nh đang đề ph&ograve;ng&nbsp;<strong>(Noooo)</strong><br />\r\nYou makе me feel safe<br />\r\n&quot;Rằng mọi thứ sẽ Okay&quot;<br />\r\nKhi ở trong v&ograve;ng tay anhhh<br />\r\n<br />\r\n[Outro: tlinh,&nbsp;<strong>MCK</strong>]<br />\r\nEm kh&ocirc;ng muốn thức dậy&nbsp;<strong>(Yeh anh cũng kh&ocirc;ng muốn thức dậy)</strong><br />\r\nMặc kệ thời gian n&agrave;y n&oacute; chảy&nbsp;<strong>(Mặc kệ thời gian đi babee)</strong><br />\r\nXung quanh l&agrave; bao nhi&ecirc;u cạm bẫy<br />\r\n<strong>Munchies got it yeh</strong></p>', 4, 9, 6, 14211, 1, '2023-03-22 08:08:09', '2023-03-22 08:08:09'),
(13, 'One call away', '/storage/uploads/2023/03/22/artworks-000615405031-1476il-t500x500.jpg', '/storage/uploads/2023/03/22/Charlie Puth - One Call Away - Lyrics.mp3', '<p>&nbsp;</p>\r\n\r\n<p>&quot;One Call Away&quot; l&agrave; một b&agrave;i h&aacute;t của nam ca sĩ Charlie Puth cho album ph&ograve;ng thu đầu tay của anh Nine Track Mind. B&agrave;i h&aacute;t được ph&aacute;t h&agrave;nh ng&agrave;y 20 th&aacute;ng 8 năm 2015 bởi Atlantic Records dưới dạng đĩa đơn thứ hai từ album, sau đĩa đơn mở đường &quot;Marvin Gaye&quot;. B&agrave;i h&aacute;t đ&atilde; đạt đến vị tr&iacute; số 60 tr&ecirc;n bảng xếp hạng Hoa Kỳ Billboard Hot 100 v&agrave; dự kiến sẽ c&ograve;n cao hơn nữa.</p>\r\n\r\n<p>20 th&aacute;ng 8 năm 2015</p>\r\n\r\n<p><a href=\"https://coccoc.com/search?query=one%20call%20away%20thu%20%C3%A2m&amp;ps=undefined\" target=\"_self\">Thu &acirc;m:</a></p>\r\n\r\n<p>2015</p>\r\n\r\n<p><a href=\"https://coccoc.com/search?query=one%20call%20away%20th%E1%BB%83%20lo%E1%BA%A1i&amp;ps=undefined\" target=\"_self\">Thể loại:</a></p>\r\n\r\n<p>Pop soul</p>\r\n\r\n<p><a href=\"https://coccoc.com/search?query=one%20call%20away%20%C4%91%E1%BB%8Bnh%20d%E1%BA%A1ng&amp;ps=undefined\" target=\"_self\">Định dạng:</a></p>\r\n\r\n<p>tải nhạc số</p>\r\n\r\n<p><a href=\"https://coccoc.com/search?query=one%20call%20away%20th%E1%BB%9Di%20l%C6%B0%E1%BB%A3ng&amp;ps=undefined\" target=\"_self\">Thời lượng:</a></p>\r\n\r\n<p>3:12</p>\r\n\r\n<p><a href=\"https://coccoc.com/search?query=one%20call%20away%20h%C3%A3ng%20%C4%91%C4%A9a&amp;ps=undefined\" target=\"_self\">H&atilde;ng đĩa:</a></p>\r\n\r\n<p>Atlantic</p>\r\n\r\n<p><a href=\"https://coccoc.com/search?query=one%20call%20away%20sa%CC%81ng%20ta%CC%81c&amp;ps=undefined\" target=\"_self\">Sáng tác:</a></p>\r\n\r\n<p>Charlie Puth, DJ Frank E, MoZella, Matt Prime, Breyan Isaac, Shy Carter</p>', '<p>B&agrave;i h&aacute;t: One Call Away - Charlie Puth<br />\r\n<br />\r\nI&#39;m only one call away<br />\r\nI&#39;ll be there to save the day<br />\r\nSuperman got nothing on me<br />\r\nI&#39;m only one call away<br />\r\n<br />\r\nCall me, baby, if you need a friend<br />\r\nI just wanna give you love<br />\r\nC&#39;mon, c&#39;mon, c&#39;mon<br />\r\nReaching out to you, so take a chance<br />\r\n<br />\r\nNo matter where you go<br />\r\nYou know you&#39;re not alone<br />\r\n<br />\r\nI&#39;m only one call away<br />\r\nI&#39;ll be there to save the day<br />\r\nSuperman got nothing on me<br />\r\nI&#39;m only one call away<br />\r\n<br />\r\nCome along with me and don&#39;t be scared<br />\r\nI just wanna set you free<br />\r\nC&#39;mon, c&#39;mon, c&#39;mon<br />\r\nYou and me can make it anywhere<br />\r\nFor now, we can stay here for a while<br />\r\nCause you know, I just wanna see you smile<br />\r\n<br />\r\nNo matter where you go<br />\r\nYou know you&#39;re not alone<br />\r\n<br />\r\nI&#39;m only one call away<br />\r\nI&#39;ll be there to save the day<br />\r\nSuperman got nothing on me<br />\r\nI&#39;m only one call away<br />\r\n<br />\r\nAnd when you&#39;re weak I&#39;ll be strong<br />\r\nI&#39;m gonna keep holding on<br />\r\nNow don&#39;t you worry, it won&#39;t be long<br />\r\nDarling, and when you feel like hope is gone<br />\r\nJust run into my arms<br />\r\n<br />\r\nI&#39;m only one call away<br />\r\nI&#39;ll be there to save the day<br />\r\nSuperman got nothing on me<br />\r\nI&#39;m only one, I&#39;m only one call away<br />\r\nI&#39;m only one call away<br />\r\nI&#39;ll be there to save the day<br />\r\nSuperman got nothing on me<br />\r\nI&#39;m only one call away<br />\r\n<br />\r\nI&#39;m only one call away</p>', 0, 15, 8, 432123, 1, '2023-03-22 08:12:30', '2023-03-22 08:12:30'),
(14, 'Attention', '/storage/uploads/2023/03/22/1596658151305_640.jpg', '/storage/uploads/2023/03/22/Charlie Puth - Attention [Official Video].mp3', '<p>&quot;Attention&quot; l&agrave; một b&agrave;i h&aacute;t của nam ca sĩ người Mỹ Charlie Puth. B&agrave;i h&aacute;t được ph&aacute;t h&agrave;nh ng&agrave;y 21 th&aacute;ng 4 năm 2017 dưới dạng đĩa đơn mở đường cho album thứ hai chưa ra mắt của anh, Voicenotes (2018) bởi Atlantic Records. Đ&acirc;y l&agrave; một b&agrave;i h&aacute;t c&oacute; &acirc;m điệu pop rock với ảnh hưởng từ nhạc soul v&agrave; funk ở thập ni&ecirc;n 80&#39;. Đĩa đơn đ&atilde; lọt top 10 ở hơn 10 quốc gia, bao gồm cả Ph&aacute;p, Australia, New Zealand, Anh Quốc, Philippines v&agrave; Hoa Kỳ.</p>\r\n\r\n<p><a href=\"https://coccoc.com/search?query=attention%20pha%CC%81t%20ha%CC%80nh&amp;ps=undefined\" target=\"_self\">Phát hành:</a></p>\r\n\r\n<p>April 21, 2017</p>\r\n\r\n<p><a href=\"https://coccoc.com/search?query=attention%20th%E1%BB%83%20lo%E1%BA%A1i&amp;ps=undefined\" target=\"_self\">Thể loại:</a></p>\r\n\r\n<p>Pop rock</p>\r\n\r\n<p><a href=\"https://coccoc.com/search?query=attention%20th%E1%BB%9Di%20l%C6%B0%E1%BB%A3ng&amp;ps=undefined\" target=\"_self\">Thời lượng:</a></p>\r\n\r\n<p>3:28</p>\r\n\r\n<p><a href=\"https://coccoc.com/search?query=attention%20h%C3%A3ng%20%C4%91%C4%A9a&amp;ps=undefined\" target=\"_self\">H&atilde;ng đĩa:</a></p>\r\n\r\n<p>Artist Partner, Atlantic</p>\r\n\r\n<p><a href=\"https://coccoc.com/search?query=attention%20sa%CC%81ng%20ta%CC%81c&amp;ps=undefined\" target=\"_self\">Sáng tác:</a></p>\r\n\r\n<p>Charlie Puth, Jacob Kasher</p>\r\n\r\n<p><a href=\"https://coccoc.com/search?query=attention%20s%E1%BA%A3n%20xu%E1%BA%A5t&amp;ps=undefined\" target=\"_self\">Sản xuất:</a></p>\r\n\r\n<p>Charlie Puth</p>', '<p>[Intro]<br />\r\nWoah-oh, hm-hmm<br />\r\n<br />\r\n[Verse 1]<br />\r\n<a href=\"https://genius.com/11713930/Charlie-puth-attention/Youve-been-runnin-round-runnin-round-runnin-round-throwin-that-dirt-all-on-my-name-cause-you-knew-that-i-knew-that-i-knew-that-id-call-you-up-ah\">You&#39;ve been runnin&#39; &#39;round, runnin&#39; &#39;round, runnin&#39; &#39;round<br />\r\nThrowin&#39; that dirt all on my name<br />\r\n&#39;Cause you knew that I, knew that I, knew that I&#39;d call you up (Ah)</a><br />\r\nYou&#39;ve been going &#39;round, going &#39;round, going &#39;round<br />\r\n<a href=\"https://genius.com/11800461/Charlie-puth-attention/Every-party-in-la-cause-you-knew-that-i-knew-that-i-knew-that-id-be-at-one-oh\">Every party in LA<br />\r\n&#39;Cause you knew that I, knew that I, knew that I&#39;d be at one, oh</a><br />\r\n<br />\r\n<a href=\"https://genius.com/11800526/Charlie-puth-attention/Pre-chorus\">[Pre-Chorus]</a><br />\r\n<a href=\"https://genius.com/11800477/Charlie-puth-attention/I-know-that-dress-is-karma-perfume-regret\">I know that dress is karma, perfume regret</a><br />\r\n<a href=\"https://genius.com/11800498/Charlie-puth-attention/You-got-me-thinking-bout-when-you-were-mine-ooh\">You got me thinking &#39;bout when you were mine, ooh</a><br />\r\n<a href=\"https://genius.com/11800509/Charlie-puth-attention/And-now-im-all-up-on-ya-what-you-expect\">And now I&#39;m all up on ya, what you expect?</a><br />\r\nBut you&#39;re not coming home with me tonight<br />\r\n<br />\r\n<a href=\"https://genius.com/11800526/Charlie-puth-attention/Pre-chorus\">[Chorus]</a><br />\r\n<a href=\"https://genius.com/11800514/Charlie-puth-attention/You-just-want-attention-you-dont-want-my-heart-maybe-you-just-hate-the-thought-of-me-with-someone-new-yeah-you-just-want-attention-i-knew-from-the-start-youre-just-making-sure-im-never-gettin-over-you-oh\">You just want attention, you don&#39;t want my heart<br />\r\nMaybe you just hate the thought of me with someone new<br />\r\nYeah, you just want attention, I knew from the start<br />\r\nYou&#39;re just making sure I&#39;m never gettin&#39; over you, oh</a><br />\r\n<br />\r\n[Verse 2]<br />\r\n<a href=\"https://genius.com/11713930/Charlie-puth-attention/Youve-been-runnin-round-runnin-round-runnin-round-throwin-that-dirt-all-on-my-name-cause-you-knew-that-i-knew-that-i-knew-that-id-call-you-up-ah\">You&#39;ve been runnin&#39; &#39;round, runnin&#39; &#39;round, runnin&#39; &#39;round<br />\r\nThrowin&#39; that dirt all on my name<br />\r\n&#39;Cause you knew that I, knew that I, knew that I&#39;d call you up</a><br />\r\nBaby, now that we&#39;re, now that we&#39;re, now that we&#39;re<br />\r\nRight here standin&#39; face to face<br />\r\nYou already know, &#39;ready know, &#39;ready know<br />\r\nThat you won, oh</p>\r\n\r\n<p>You might also like</p>\r\n\r\n<p><a href=\"https://genius.com/Charlie-puth-we-dont-talk-anymore-lyrics\">We Don&rsquo;t Talk Anymore</a></p>\r\n\r\n<p><a href=\"https://genius.com/Charlie-puth-we-dont-talk-anymore-lyrics\">Charlie Puth</a></p>\r\n\r\n<p><a href=\"https://genius.com/Taylor-swift-all-of-the-girls-you-loved-before-lyrics\">All Of The Girls You Loved Before</a></p>\r\n\r\n<p><a href=\"https://genius.com/Taylor-swift-all-of-the-girls-you-loved-before-lyrics\">Taylor Swift</a></p>\r\n\r\n<p><a href=\"https://genius.com/Lana-del-rey-a-w-lyrics\">A&amp;W</a></p>\r\n\r\n<p><a href=\"https://genius.com/Lana-del-rey-a-w-lyrics\">Lana Del Rey</a></p>\r\n\r\n<p><a href=\"https://genius.com/11800526/Charlie-puth-attention/Pre-chorus\">[Pre-Chorus]</a><br />\r\n<a href=\"https://genius.com/11800477/Charlie-puth-attention/I-know-that-dress-is-karma-perfume-regret\">I know that dress is karma (Dress is karma), perfume regret, yeah</a><br />\r\n<a href=\"https://genius.com/11800498/Charlie-puth-attention/You-got-me-thinking-bout-when-you-were-mine-ooh\">You got me thinking &#39;bout when you were mine, ooh</a><br />\r\n(You got me thinking &#39;bout when you were mine)<br />\r\n<a href=\"https://genius.com/11800509/Charlie-puth-attention/And-now-im-all-up-on-ya-what-you-expect\">And now I&#39;m all up on ya (All up on ya), what you expect?</a>&nbsp;(Oh, baby)<br />\r\nBut you&#39;re not coming home with me tonight, oh no<br />\r\n<br />\r\n<br />\r\n<br />\r\n[Post-Chorus]<br />\r\nWhat are you doin&#39; to me?<br />\r\nWhat are you doin&#39;, huh? (What are you doin&#39;?)<br />\r\nWhat are you doin&#39; to me?<br />\r\nWhat are you doin&#39;, huh? (What are you doin&#39;?)<br />\r\nWhat are you doin&#39; to me?<br />\r\nWhat are you doin&#39;, huh? (What are you doin&#39;?)<br />\r\nWhat are you doin&#39; to me?<br />\r\nWhat are you doin&#39;, huh?<br />\r\n<br />\r\n<a href=\"https://genius.com/11800526/Charlie-puth-attention/Pre-chorus\">[Pre-Chorus]</a><br />\r\n<a href=\"https://genius.com/11800477/Charlie-puth-attention/I-know-that-dress-is-karma-perfume-regret\">I know that dress is karma, perfume regret</a><br />\r\n<a href=\"https://genius.com/11800498/Charlie-puth-attention/You-got-me-thinking-bout-when-you-were-mine-ooh\">You got me thinking &#39;bout when you were mine</a><br />\r\n<a href=\"https://genius.com/11800509/Charlie-puth-attention/And-now-im-all-up-on-ya-what-you-expect\">And now I&#39;m all up on ya, what you expect?</a><br />\r\nBut you&#39;re not coming home with me tonight</p>\r\n\r\n<p><a href=\"https://genius.com/11800526/Charlie-puth-attention/Pre-chorus\">[Chorus]</a><br />\r\n<a href=\"https://genius.com/11800514/Charlie-puth-attention/You-just-want-attention-you-dont-want-my-heart-maybe-you-just-hate-the-thought-of-me-with-someone-new-yeah-you-just-want-attention-i-knew-from-the-start-youre-just-making-sure-im-never-gettin-over-you-oh\">You just want attention, you don&#39;t want my heart<br />\r\nMaybe you just hate the thought of me with someone new<br />\r\nYeah, you just want attention, I knew from the start<br />\r\nYou&#39;re just making sure I&#39;m never gettin&#39; over you (Over you)</a><br />\r\n<br />\r\n[Outro]<br />\r\nWhat are you doin&#39; to me? (Hey)<br />\r\nWhat are you doin&#39;, huh? (What are you doin&#39;, love?)<br />\r\nWhat are you doin&#39; to me?<br />\r\nWhat are you doin&#39;, huh? (Yeah, you just want attention)<br />\r\nWhat are you doin&#39; to me? (I knew from the start)<br />\r\nWhat are you doin&#39;, huh? (You&#39;re just making sure I&#39;m never gettin&#39; over you)<br />\r\nWhat are you doin&#39; to me?<br />\r\nWhat are you doin&#39;, huh? (Oh)</p>', 0, 15, 8, 523212, 1, '2023-03-22 08:15:26', '2023-03-22 08:15:26'),
(15, 'DDU-DU DDU-DU', '/storage/uploads/2023/03/22/Blackpink_Ddu_Du_Ddu_Du_Music_Video-468636608-large.jpg', '/storage/uploads/2023/03/22/BLACKPINK - ‘뚜두뚜두 (DDU-DU DDU-DU)’ M-V.mp3', '<p>Nghệ sĩ:&nbsp;<a href=\"https://www.google.com.vn/search?sa=X&amp;biw=1492&amp;bih=686&amp;sxsrf=AJOqlzVZZQTeuYKdYW9KJM8TcAdvkjwzjA:1679498321760&amp;q=Blackpink&amp;si=AEcPFx7eHRJU0tWbjC5cc2C2rVygfPuoetC2JDc0IDqLp89f-IdPBe9PfaGaRHkzvM_ofn3hn08FjksPjVkOY05GeC1DRGQszjtiO2tHElqXHIKJi85hSPcLlwcLY4Z-N97gthqrsa3FHAasNGhtVX60dLY1_R4LwcZ51onf0JAFv4dIjuBtQ5DR5qI2oWJbRsqrq5PTFFwavIFaTtqKyg_nzwqkO_BIsA%3D%3D&amp;ved=2ahUKEwjJ1_nm6u_9AhUZTWwGHVtgBO4QmxMoAHoECBAQAg\">Blackpink</a></p>\r\n\r\n<p>Album:&nbsp;<a href=\"https://www.google.com.vn/search?sa=X&amp;biw=1492&amp;bih=686&amp;sxsrf=AJOqlzVZZQTeuYKdYW9KJM8TcAdvkjwzjA:1679498321760&amp;q=Blackpink+Blackpink+in+Your+Area&amp;si=AEcPFx7eHRJU0tWbjC5cc2C2rVygfPuoetC2JDc0IDqLp89f-AhWemzvdIQKS0IOEEDU4A58jCfEX9wlfGItk-freEc2mCD1GUChDGYKmQFOmvfeyav8FUBcXejj8_BIW9yPjIM8TFJjNmW_02EDEv5wezaKy8fu8qabVPyS8u9bMDLnx7Nxlq0AC3EullM-Dz9KAV6GTfgG-zVM8aqlAdy3B0P87MObkS1R83qYfDj-nWZ0EnKZVxM%3D&amp;ved=2ahUKEwjJ1_nm6u_9AhUZTWwGHVtgBO4QmxMoAHoECBUQAg\">Blackpink in Your Area</a></p>\r\n\r\n<p>Đã phát hành:&nbsp;2018</p>\r\n\r\n<p>Giải thưởng:&nbsp;<a href=\"https://www.google.com.vn/search?sa=X&amp;biw=1492&amp;bih=686&amp;sxsrf=AJOqlzVZZQTeuYKdYW9KJM8TcAdvkjwzjA:1679498321760&amp;q=Gi%E1%BA%A3i+%C4%90%C4%A9a+V%C3%A0ng+-+H%E1%BA%A1ng+m%E1%BB%A5c+Ca+kh%C3%BAc&amp;si=AEcPFx7HnMxbNS2egwqbd2fGseeWkZi3ZCVlQ3vY-NLoLE7SWUAUULwVIWmiT1yTauTtpE_-XbDWblgmKxj1tVbtseaVNIjBC_IRUYVU9xmLIc9Sq-rAi7cloPuXN25fSNoDnHjskoTSvm5lJ3T73ZKcA0fhRGDc4jNAD_zORO15OPpO-7M708oq3gEZjG50oi-m1Dfe-YG5WvC22tsnX6FtehLdiHodGRLxsm0v3eBck10Pqwg7Zd4_d637kwmUz-p6yfXPINd6gAqcKCtwFu55q8KMZAnRoOQIh_5S72rV7qaXIt2ccQp_2BW2metjv-x8Rl1FhDaL&amp;ved=2ahUKEwjJ1_nm6u_9AhUZTWwGHVtgBO4QmxMoAHoECBMQAg\">Giải Đĩa V&agrave;ng - Hạng mục Ca kh&uacute;c</a>,&nbsp;<a href=\"https://www.google.com.vn/search?sa=X&amp;biw=1492&amp;bih=686&amp;sxsrf=AJOqlzVZZQTeuYKdYW9KJM8TcAdvkjwzjA:1679498321760&amp;q=blackpink+ddu-du+ddu-du+gi%E1%BA%A3i+th%C6%B0%E1%BB%9Fng&amp;stick=H4sIAAAAAAAAAOPgE-LVT9c3NEwzSylLK7I01VLKTrbSzy0tzkzWL0pNzi9KycxLj0_OKS0uSS2ySixPLEopXsSqkZSTmJxdkJmXrZCSUqqbUgqj0jMf7lqcqVCScWzDw93z89IBrl31kmAAAAA&amp;ved=2ahUKEwjJ1_nm6u_9AhUZTWwGHVtgBO4Q44YBKAF6BAgTEAM\">TH&Ecirc;M</a></p>\r\n\r\n<p>Đề cử:&nbsp;<a href=\"https://www.google.com.vn/search?sa=X&amp;biw=1492&amp;bih=686&amp;sxsrf=AJOqlzVZZQTeuYKdYW9KJM8TcAdvkjwzjA:1679498321760&amp;q=Gi%E1%BA%A3i+MAMA+cho+B%C3%A0i+h%C3%A1t+c%E1%BB%A7a+n%C4%83m&amp;si=AEcPFx7HnMxbNS2egwqbd2fGseeWkZi3ZCVlQ3vY-NLoLE7SWThWzCJgwUYgMnVBjedIxI-F0O_W27kbyfYFLsh9kR7akDOdjgo7kvkQU58V5HtneDTVaO8m4TDoxng9dCuczJRgK54oQJRwGMV91ZO_E0HBCb_7PeoiowyPOzgLOPmh2tqY1r1zBawn91Dpzk4a8sWP9X24-294CEh5zS1jZ6VOqdrutQBTOlg--TOryP_2MqSNI4AFw7CulKE1eWpaBhLI8RoxWdGuDphzhyYy1LABJYS73SdZAJ8bZWzgDjFDp6CTp4CVGedc1nHD2NKJ3ctJcK1S&amp;ved=2ahUKEwjJ1_nm6u_9AhUZTWwGHVtgBO4QmxMoAHoECBcQAg\">Giải MAMA cho B&agrave;i h&aacute;t của năm</a>,&nbsp;<a href=\"https://www.google.com.vn/search?sa=X&amp;biw=1492&amp;bih=686&amp;sxsrf=AJOqlzVZZQTeuYKdYW9KJM8TcAdvkjwzjA:1679498321760&amp;q=blackpink+ddu-du+ddu-du+%C4%91%E1%BB%81+c%E1%BB%AD&amp;stick=H4sIAAAAAAAAAOPgE-LVT9c3NEwzSylLK7I01VLPTrbSzy0tzkzWL0pNzi9KycxLj0_OKS0uSS2yysvPzcxLLMnMzytexKqUlJOYnF2QmZetkJJSqptSCqOOTHy4u1Eh-eHutQAdT1VwXwAAAA&amp;ved=2ahUKEwjJ1_nm6u_9AhUZTWwGHVtgBO4Q44YBKAF6BAgXEAM\">TH&Ecirc;M</a></p>\r\n\r\n<p>Thể loại:&nbsp;<a href=\"https://www.google.com.vn/search?sa=X&amp;biw=1492&amp;bih=686&amp;sxsrf=AJOqlzVZZQTeuYKdYW9KJM8TcAdvkjwzjA:1679498321760&amp;q=&amp;si=AEcPFx5y3cpWB8t3QIlw940Bbgd-HLN-aNYSTraERzz0WyAsdOfmRr2pIc4w6OrsvGHdP0I3UueWmGVm0eAlvxuXUHPiJN2faJmqW76-F9gCmYcciqQX_V6hCrHxr_JMTC-8ruZ91GEqZG3aNU0VfUSKSc7oe2B6NbYvokEYNHOhw6t0PcAc_bqKpX0jMz24APHVlADZ4YTJa7LcEjup0YYkAt1lsbl8Wro-hQvlz5S-6XrBi-LWWHqq2GhAmrMoB4ukj1Gxf8yk&amp;ved=2ahUKEwjJ1_nm6u_9AhUZTWwGHVtgBO4QmxMoAHoECBEQAg\">Nhạc K-Pop</a>,&nbsp;<a href=\"https://www.google.com.vn/search?sa=X&amp;biw=1492&amp;bih=686&amp;sxsrf=AJOqlzVZZQTeuYKdYW9KJM8TcAdvkjwzjA:1679498321760&amp;q=&amp;si=AEcPFx7HnMxbNS2egwqbd2fGseeWkZi3ZCVlQ3vY-NLoLE7SWR35GjbkFVvp4DNfZFlSWi25ZbIZv8tZzc5XpokGZzwc0iFc9NSEwcLQqZPf41ZPZNF53iuypjo_Rq8lgMn6Wfu7Lj-AgjBbQKPlfLj9w1X6FDdPAycWqpwb7h-4--OCijeS570AzugjNa82M5-0vF1H6OWJyzzxRN9Uyk7824vSkJ85I37vcB-8trqWiBV83X6VM0NJZ0S8JnRzsohhekJjeC_c&amp;ved=2ahUKEwjJ1_nm6u_9AhUZTWwGHVtgBO4QmxMoAXoECBEQAw\">Nhạc Hip hop</a>,&nbsp;<a href=\"https://www.google.com.vn/search?sa=X&amp;biw=1492&amp;bih=686&amp;sxsrf=AJOqlzVZZQTeuYKdYW9KJM8TcAdvkjwzjA:1679498321760&amp;q=&amp;si=AEcPFx7eHRJU0tWbjC5cc2C2rVygfPuoetC2JDc0IDqLp89f-DVqY3H6xzUnmOYpJe9XMWEQzzTgGDUolum3IZyzn4KZl6TEVIcArYxIvkY447ze2wf4ALutL4nUUy2A9HhKVQkIpTLLM9tkitWX9ZlfzeOdJHHN6LPa2j5aJkXPXxFS0mpKEx0OT5jJ0tLgeqhlNaaeqijQepA4sxOu1K0Ys50Wf0cXPnE2pdL1b_-I0r26Qsw0V3wzGRtcsaZQ9ZPw6jw8WGTGhYhFiwjLB_IwRkvgE3iosQ%3D%3D&amp;ved=2ahUKEwjJ1_nm6u_9AhUZTWwGHVtgBO4QmxMoAnoECBEQBA\">K-Pop</a></p>', '<p>kh&ocirc;ng c&oacute; lời b&agrave;i h&aacute;t cho b&agrave;i n&agrave;y</p>', 0, 21, 5, 1242112, 1, '2023-03-22 08:19:07', '2023-03-22 08:19:07');
INSERT INTO `songs` (`id`, `name`, `thumb`, `link`, `description`, `lyric`, `album_id`, `singer_id`, `menu_id`, `likes`, `active`, `created_at`, `updated_at`) VALUES
(16, 'Vì yêu cứ đâm đầu', '/storage/uploads/2023/03/22/ba772b6da5b9b5fbba8240376ed4e5a0.500x500x1.jpg', '/storage/uploads/2023/03/22/REUP - VÌ YÊU CỨ ĐÂM ĐẦU CM1X & VRT REMIX MIN x ĐEN x JUSTATEE.mp3', '<p>MIN (feat. Đen, JustaTee) - V&igrave; Y&ecirc;u Cứ Đ&acirc;m Đầu</p>', '<p>[Intro: Min]<br />\r\nQua nỗi sầu đ&ecirc;m nay<br />\r\nTrăng gối đầu l&ecirc;n m&acirc;y<br />\r\nTh&ecirc;m ch&uacute;t rượu v&agrave; men cuốn muộn phiền đi để t&igrave;nh th&ecirc;m say<br />\r\nĐ&ocirc;i mắt buồn s&acirc;u cay<br />\r\nChan chứa t&igrave;nh l&acirc;u nay<br />\r\nOh boy<br />\r\nKh&ocirc;ng biết ở nơi đ&acirc;u<br />\r\nKh&ocirc;ng biết được bao l&acirc;u<br />\r\nChỉ muốn c&ugrave;ng anh đi đến tận c&ugrave;ng nơi đất trời th&acirc;m s&acirc;u<br />\r\nHuhh-huh-huh-huh-huh<br />\r\nV&igrave; y&ecirc;u cứ đ&acirc;m đầu (Cứ đ&acirc;m đầu)<br />\r\nCứ đ&acirc;m đầu (Cứ đ&acirc;m đầu)<br />\r\n<br />\r\n[Verse 1: Min]<br />\r\nNgay l&uacute;c nh&igrave;n, ngay l&uacute;c nh&igrave;n, ngay l&uacute;c nh&igrave;n, ngay l&uacute;c nh&igrave;n anh đ&ocirc;i ph&uacute;t<br />\r\nTim đ&atilde; vội, tim đ&atilde; vội, tim đ&atilde; vội, tim đ&atilde; vội hơn đ&ocirc;i ch&uacute;t<br />\r\nSorry em chẳng biết l&agrave;m sao<br />\r\nĐể th&igrave; giờ tr&ocirc;i ph&iacute; l&agrave; bao<br />\r\nOh-uh-oh, oh-oh<br />\r\nEm muốn được tr&oacute;i chặt trong v&ograve;ng tay của anh<br />\r\nEm muốn được nghe từng hơi thở đang bủa quanh<br />\r\nXin h&atilde;y đừng, h&atilde;y đừng, h&atilde;y đừng, h&atilde;y đừng<br />\r\nĐể em đợi (Yeah)<br />\r\n<br />\r\n[Verse 2: Đen]<br />\r\nAy<br />\r\nChạm l&ecirc;n bờ m&ocirc;i của em đỏ au<br />\r\nTr&ograve; chuyện thật nhiều để cho r&otilde; nhau<br />\r\nCh&uacute;ng ta hoang dại như l&agrave; cỏ lau<br />\r\nBỏ tiền bỏ bạc chứ kh&ocirc;ng bỏ nhau<br />\r\nAnh sẽ n&oacute;i cho em nghe những điều m&agrave; anh ấp ủ<br />\r\nAnh hy vọng lời ca n&agrave;y vỗ về em trong giấc ngủ<br />\r\nAnh cũng muốn em biết anh vốn kh&ocirc;ng phải l&agrave; thiếu gia<br />\r\nNhững ng&agrave;y em về trong đời anh nhất định trải chiếu hoa<br />\r\n<br />\r\n[Chorus: Min]<br />\r\nQua nỗi sầu đ&ecirc;m nay<br />\r\nTrăng gối đầu l&ecirc;n m&acirc;y<br />\r\nTh&ecirc;m ch&uacute;t rượu v&agrave; men cuốn muộn phiền đi để t&igrave;nh th&ecirc;m say<br />\r\nĐ&ocirc;i mắt buồn s&acirc;u cay<br />\r\nChan chứa t&igrave;nh l&acirc;u nay<br />\r\nOh boy<br />\r\nKh&ocirc;ng biết ở nơi đ&acirc;u<br />\r\nKh&ocirc;ng biết được bao l&acirc;u<br />\r\nChỉ muốn c&ugrave;ng anh đi đến tận c&ugrave;ng nơi đất trời th&acirc;m s&acirc;u<br />\r\nHuhh-huh-huh-huh-huh<br />\r\nV&igrave; y&ecirc;u cứ đ&acirc;m đầu (Cứ đ&acirc;m đầu)<br />\r\nCứ đ&acirc;m đầu (Cứ đ&acirc;m đầu) (Just, just, just)<br />\r\n<br />\r\n[Verse 3: JustaTee, Min]<br />\r\nOooh<br />\r\nCứ l&atilde;ng đ&atilde;ng tr&ocirc;i như l&agrave;n m&acirc;y trắng<br />\r\nChẳng cần lo nghĩ nhiều<br />\r\nChỉ cần em biết điều<br />\r\nV&agrave; ooh khi trăng l&ecirc;n cao em sẽ l&agrave; ngọn gi&oacute; cuốn anh feel<br />\r\nCầm chặt tay v&agrave; n&acirc;ng ly c&ugrave;ng em nh&eacute;<br />\r\nCho đ&ecirc;m n&agrave;y th&ecirc;m h&eacute;<br />\r\nChơi vơi trong v&ograve;ng tay anh<br />\r\nH&atilde;y đặt t&ecirc;n em l&agrave; em b&eacute;<br />\r\nOh-oh, v&igrave; đường về c&ograve;n xa lắm em ơi thấy kh&ocirc;ng mưa c&ograve;n rơi (Mưa c&ograve;n rơi)<br />\r\nQua đ&ecirc;m nay rồi anh sẽ đưa em về<br />\r\n<br />\r\n[Bridge: Min, JustaTee]<br />\r\nAnh ơi, em ơi<br />\r\nSay, say, ai sẽ đưa em về? (*Ối giời*)<br />\r\nEm ơi, kh&ocirc;ng may, đ&ecirc;m nay<br />\r\nChưa muốn đưa em về<br />\r\nDon&rsquo;t be lonely tonight<br />\r\nBaby i&rsquo;m so high on you<br />\r\n<br />\r\n[Chorus: Min, Đen]<br />\r\nQua nỗi sầu đ&ecirc;m nay<br />\r\nTrăng gối đầu l&ecirc;n m&acirc;y<br />\r\nTh&ecirc;m ch&uacute;t rượu v&agrave; men cuốn muộn phiền đi để t&igrave;nh th&ecirc;m say (Min)<br />\r\nĐ&ocirc;i mắt buồn s&acirc;u cay (JustaTee)<br />\r\nChan chứa t&igrave;nh l&acirc;u nay<br />\r\nOh boy (Ya)<br />\r\nKh&ocirc;ng biết ở nơi đ&acirc;u (Nơi đ&acirc;u)<br />\r\nKh&ocirc;ng biết được bao l&acirc;u (Bao l&acirc;u)<br />\r\nChỉ muốn c&ugrave;ng anh đi đến tận c&ugrave;ng nơi đất trời th&acirc;m s&acirc;u (Nơi đất trời th&acirc;m s&acirc;u)<br />\r\nHuhh-huh-huh-huh-huh (Baby)<br />\r\nV&igrave; y&ecirc;u cứ đ&acirc;m đầu (Sao em cứ đ&acirc;m đầu) (Cứ đ&acirc;m đầu)<br />\r\nCứ đ&acirc;m đầu (Sao em cứ đ&acirc;m đầu) (Cứ đ&acirc;m đầu)<br />\r\n<br />\r\n[Outro: Đen, JustaTee]<br />\r\nJust, just, just, just<br />\r\nAy<br />\r\nĐen V&acirc;u</p>', 0, 11, 2, 495122, 1, '2023-03-22 08:21:42', '2023-03-22 08:21:42'),
(17, 'Peace Sign', '/storage/uploads/2023/03/22/8fb3ea52-9ad4-4f2b-bb85-2f495fdaadcd_1024.jpg', '/storage/uploads/2023/03/22/米津玄師 - ピースサイン , Kenshi Yonezu - Peace Sign.mp3', '<ul>\r\n	<li>Ca sĩ:&nbsp;<a href=\"http://chiasenhac.vn/ca-si/kenshi-yonezu-zsswzvt7q912ft.html\">Kenshi Yonezu</a></li>\r\n	<li>Album:&nbsp;<a href=\"http://chiasenhac.vn/nghe-album/peace-sign-single-xssm0vb7q8n2qt.html\">PEACE SIGN (Single)</a></li>\r\n	<li>Năm ph&aacute;t h&agrave;nh:&nbsp;2017</li>\r\n	<li>B&agrave;i h&aacute;t được đặt l&agrave;m OP anime My hero academia</li>\r\n</ul>', '<ul>\r\n	<li>\r\n	<p>Lời b&agrave;i h&aacute;t PEACE SIGN</p>\r\n	</li>\r\n</ul>\r\n\r\n<p>Itsuka bokura no ue o suresure ni<br />\r\nToorisugiteitta ano hikouki o<br />\r\nFushigi na kurai ni oboeteru<br />\r\nImi mo nai no ni naze ka.<br />\r\n<br />\r\nFugainakute naita hi no yoru ni<br />\r\nTada tsuyokunaritai to negatteta<br />\r\nSono tame ni hitsuyou na yuuki o<br />\r\nSagashimotometeita.<br />\r\n<br />\r\nZankoku na unmei ga sadamatteru to shite<br />\r\nSore ga itsu no hi ka boku no mae ni arawareru to shite<br />\r\nTada isshun kono isshun iki ga dekiru nara<br />\r\nDou demo ii to omoeta sono kokoro o.<br />\r\n<br />\r\nMou ichido<br />\r\nTooku e ike tooku e ike to<br />\r\nBoku no naka de dare ka ga utau<br />\r\nDou shiyou mo nai hodo netsuretsu ni<br />\r\nItsudatte me o harashita kimi ga nido to<br />\r\nKanashimanai you ni waraeru<br />\r\nSonna hiiroo ni naru tame no uta<br />\r\nSaraba kakagero piisu sain<br />\r\nKorogatteiku sutoorii o.<br />\r\n<br />\r\nMamoritai da nante ieru hodo<br />\r\nKimi ga yowaku wa nai no wakatteta<br />\r\nSore ijou ni boku wa yowakute sa<br />\r\nKimi ga daiji dattanda.<br />\r\n<br />\r\n&quot;hitori de ikite ikun da&quot; nante sa<br />\r\nKuchi o tsuite sakenda ano hi kara<br />\r\nKawatteiku boku o waraeba ii hitori ga kowai boku o.<br />\r\n<br />\r\nKetobashite kamitsuite iki mo dekinakute<br />\r\nSawagu atama to hara no oku ga kushakusha ni nattatte<br />\r\nTearai mo keiren mo kieteshimau kurai ni<br />\r\nIma wa sawatteitainda kimi no kokoro ni.<br />\r\n<br />\r\nBokutachi wa<br />\r\nKitto itsuka tooku hanareta<br />\r\nTaiyou ni sura te ga todoite<br />\r\nYoake mae o te ni irete waraou<br />\r\nSou yatte aoku moeru iro ni somari<br />\r\nOboroge na machi no mukou e<br />\r\nTe o tsunaide hashitteyukeru hazu da<br />\r\nKimi to mirai o nusumiegaku<br />\r\nHineri no nai sutoorii o.<br />\r\n<br />\r\nKasabuta darake arakureta hibi ga<br />\r\nKezuri kezurare surikireta ima ga<br />\r\nKimi no kotoba de yomigaeru azayaka ni mo arawareteiku<br />\r\nSanagi no mama de nemuru tamashii o<br />\r\nTabekake no mama suteta ano yume o<br />\r\nMou ichido torimodose.<br />\r\n<br />\r\nMou ichido<br />\r\nTooku e ike tooku e ike to<br />\r\nBoku no naka de dare ka ga utau<br />\r\nDou shiyou mo nai hodo netsuretsu ni<br />\r\nItsudatte me o harashita kimi ga nido to<br />\r\nKanashimanai you ni waraeru<br />\r\nSonna hiiroo ni naru tame no uta<br />\r\nSaraba kakagero piisu sain<br />\r\nKorogatteiku sutoorii o.<br />\r\n<br />\r\nKimi to mirai o nusumi egaku hineri no nai sotorii o.</p>', 0, 10, 3, 1231538, 1, '2023-03-22 08:24:55', '2023-03-22 08:24:55'),
(18, 'Có chơi có chịu', '/storage/uploads/2023/03/25/vuongkarik_20221005143142.jpg', '/storage/uploads/2023/03/25/KARIK x ONLY C - CÓ CHƠI CÓ CHỊU (OFFICIAL MUSIC VIDEO).mp3', '<p>KARIK x ONLY C</p>', '<p>[Intro]<br />\r\nC&oacute; kh&oacute;c c&oacute; cười! T&igrave;nh y&ecirc;u anh vẫn real thế th&ocirc;i<br />\r\nNếu ch&aacute;n ch&ecirc; kh&ocirc;ng n&oacute;i n&ecirc;n lời mời em đi t&igrave;m người kh&aacute;c chơi<br />\r\nĐ&acirc;u g&igrave; l&agrave; m&atilde;i m&atilde;i tr&ecirc;n đời cứ chill rồi sẽ tự đến nơi<br />\r\nRi&ecirc;ng con người anh như thế *** rồi<br />\r\nCảm thấy kh&ocirc;ng vui anh khuy&ecirc;n em cứ rời<br />\r\nEm hỡi em hơi em<br />\r\nĐừng dựng chuyện kh&ocirc;ng c&oacute;, qu&ecirc;n đi một người như anh kh&ocirc;ng kh&oacute;<br />\r\nNếu chuyện tụi m&igrave;nh nay đ&atilde; kh&ocirc;ng r&otilde;<br />\r\nCứ nhắm mắt, xem như xui, ta đi lui, em lại vui với ai<br />\r\nV&agrave;i ba h&ocirc;m l&agrave; thấy drama cho nhiều cũng đ&acirc;u v&agrave;o đấy<br />\r\nN&ecirc;n ta sẽ chẳng cần nhau l&agrave; mấy<br />\r\nCứ nhắm mắt, xem như xui, ta đi lui, em lại vui với ai<br />\r\n<br />\r\n[Rap]<br />\r\nChia tay l&agrave; xong kh&ocirc;ng n&ecirc;n đi theo style l&ograve;ng v&ograve;ng<br />\r\nAnh kh&ocirc;ng th&iacute;ch d&agrave;i d&ograve;ng, em bớt ồn &agrave;o đi được kh&ocirc;ng<br />\r\nN&ecirc;n bu&ocirc;ng ngay v&agrave; lu&ocirc;n, n&ecirc;n bu&ocirc;ng ngay v&agrave; lu&ocirc;n<br />\r\nN&ecirc;n bu&ocirc;ng ngay v&agrave; lu&ocirc;n, chia tay th&ocirc;i c&oacute; g&igrave; đ&acirc;u m&agrave; buồn<br />\r\nTho&aacute;ng nghe c&acirc;u giả dối, c&acirc;u chuyện em n&oacute;i hơi xa vời<br />\r\nEm lừa em dắt đ&ocirc;i ba lời, th&ocirc;i th&ocirc;i em ơi đường ai nấy bay<br />\r\nC&ograve;n đ&acirc;u nết thơ ng&acirc;y<br />\r\nEm lạ lắm, c&acirc;u chuyện em n&oacute;i hơi xa vời<br />\r\nEm lừa em dắt đ&ocirc;i ba lời, th&ocirc;i ta chia tay đường ai nấy bay<br />\r\nGiờ đ&acirc;y giờ th&igrave; c&ograve;n lại ai<br />\r\n&Aacute;i ai ai ai ai đừng l&agrave;m lệ phải phai<br />\r\n&Aacute;i ai ai ai ai giờ c&ograve;n lại ai<br />\r\n&Aacute;i ai ai ai ai đừng l&agrave;m lệ phải phai<br />\r\n&Aacute;i ai ai ai ai c&oacute; thương l&agrave; c&oacute; dại<br />\r\n<br />\r\nBớt miệng bớt miệng<br />\r\nChia tay bớt b&oacute;c phốt để đời nhau được bớt chuyện, bớt đi&ecirc;n<br />\r\nBớt phiền bớt phiền<br />\r\nDrama anh &iacute;t th&ocirc;i đừng bắt anh phải bớt hiền rớt liền<br />\r\nHey hết y&ecirc;u l&agrave; anh đi<br />\r\n*** ba c&aacute;i cuộc t&igrave;nh kh&ocirc;ng c&oacute; cửa l&agrave;m anh suy<br />\r\nXời, cứ xem như cuộc dạo chơi<br />\r\nTa ứng trước tuổi trẻ, hai đứa đưa nhau v&agrave;o đời<br />\r\nDĩ v&atilde;ng vốn dĩ đ&atilde; dơ d&aacute;y, dễ g&igrave; m&agrave; giấu diếm<br />\r\nĐừng bắt anh &ldquo;bẻ l&aacute;i&rdquo;<br />\r\nNhắm nhắm thấy kh&oacute; l&ograve;ng vui trở lại, đ&atilde; tr&aacute;i lại c&ograve;n sai<br />\r\nChờ g&igrave; chưa rẽ phải!<br />\r\nQuay xe<br />\r\n<br />\r\n[Rap]<br />\r\nChia tay l&agrave; xong kh&ocirc;ng n&ecirc;n đi theo style l&ograve;ng v&ograve;ng<br />\r\nAnh kh&ocirc;ng th&iacute;ch d&agrave;i d&ograve;ng, em bớt ồn &agrave;o đi được kh&ocirc;ng<br />\r\nN&ecirc;n bu&ocirc;ng ngay v&agrave; lu&ocirc;n, n&ecirc;n bu&ocirc;ng ngay v&agrave; lu&ocirc;n<br />\r\nN&ecirc;n bu&ocirc;ng ngay v&agrave; lu&ocirc;n, chia tay th&ocirc;i c&oacute; g&igrave; đ&acirc;u m&agrave; buồn<br />\r\nTho&aacute;ng nghe c&acirc;u giả dối, c&acirc;u chuyện em n&oacute;i hơi xa vời<br />\r\nEm lừa em dắt đ&ocirc;i ba lời, th&ocirc;i th&ocirc;i em ơi đường ai nấy bay<br />\r\nC&ograve;n đ&acirc;u nết thơ ng&acirc;y<br />\r\nEm lạ lắm, c&acirc;u chuyện em n&oacute;i hơi xa vời<br />\r\nEm lừa em dắt đ&ocirc;i ba lời, th&ocirc;i ta chia tay đường ai nấy bay<br />\r\nGiờ đ&acirc;y giờ th&igrave; c&ograve;n lại ai<br />\r\n&Aacute;i ai ai ai ai đừng l&agrave;m lệ phải phai<br />\r\n&Aacute;i ai ai ai ai giờ c&ograve;n lại ai<br />\r\n&Aacute;i ai ai ai ai đừng l&agrave;m lệ phải phai<br />\r\n&Aacute;i ai ai ai ai c&oacute; thương l&agrave; c&oacute; dại<br />\r\n<br />\r\nBye bye! Kh&ocirc;ng mong nỗi nhớ kh&ocirc;ng tới<br />\r\nBye kh&ocirc;ng thương nước mắt kh&ocirc;ng rơi<br />\r\nBye bye! Hết y&ecirc;u l&agrave; hết tr&ocirc;ng đợi<br />\r\nBu&ocirc;ng th&ocirc;i em ơi!<br />\r\nBye bye! Y&ecirc;u m&agrave; toxic đủ kiểu<br />\r\nBye m&igrave;nh l&agrave;m g&igrave; c&oacute; tương lai<br />\r\nBye bye! C&oacute; chơi th&igrave; c&oacute; sức chịu<br />\r\nChốt hạ lu&ocirc;n &igrave; &iacute; &iacute; i</p>', 0, 13, 6, 2425423, 1, '2023-03-25 03:04:51', '2023-03-25 03:04:51'),
(19, 'Silhouette', '/storage/uploads/2023/03/25/artworks-000454451310-tdkaji-t500x500.jpg', '/storage/uploads/2023/03/25/KANA-BOON - Silhouette.mp3', '<p>Nghệ sĩ:&nbsp;<a href=\"https://www.google.com.vn/search?hl=vi&amp;sxsrf=APwXEdfuYc5AcRZ5CMY90_vVqFnDXV8EBw:1679738887578&amp;q=Kana-Boon&amp;stick=H4sIAAAAAAAAAOPgE-LVT9c3NEw2L0gxLkiOV4Jwk8wKSowsDSq0lLKTrfRzS4szk_WLUpPzi1Iy89Ljk3NKi0tSi6wSi0oyi0sWsXJ6J-Yl6jrl5-ftYGXcxc7EwQAAmorIWlgAAAA&amp;sa=X&amp;ved=2ahUKEwjtgdb96vb9AhUvSmwGHQUYARoQmxMoAHoECBcQAg\">Kana-Boon</a></p>\r\n\r\n<p>Album:&nbsp;<a href=\"https://www.google.com.vn/search?hl=vi&amp;sxsrf=APwXEdfuYc5AcRZ5CMY90_vVqFnDXV8EBw:1679738887578&amp;q=silhouette+time&amp;stick=H4sIAAAAAAAAAOPgE-LVT9c3NEw2L0gxLkiOV4Jwk8wKDdJyU3K11LOTrfRzS4szk_WLUpPzi1Iy89Ljk3NKi0tSi6zSMouKSxQSc5JKcxex8hdn5mTkl6aWlKQqlGTmpu5gZdzFzsTBAAAh7bnxYwAAAA&amp;sa=X&amp;ved=2ahUKEwjtgdb96vb9AhUvSmwGHQUYARoQmxMoAHoECBQQAg\">TIME</a></p>\r\n\r\n<p>Đã phát hành:&nbsp;2015</p>\r\n\r\n<p>Thể loại:&nbsp;<a href=\"https://www.google.com.vn/search?hl=vi&amp;sxsrf=APwXEdfuYc5AcRZ5CMY90_vVqFnDXV8EBw:1679738887578&amp;q=&amp;si=AMnBZoEZ8aFftZu792frFYrnK9KQYGXRL3UTeDeHB9-uc0sfFca_974ELeiHhJanctWkifd-EB3nl-3F2fFM59E8R6dNElqaLmvRQDaLu5ZWKS9PAGgxMjrqTN5VPOBchiNPLSgT9mSVJIKXVQXwV7LRjxz75lXZtDnPSZVgorbIyddjH0tCCmBQ8RWtaJiNCtvMhCA46WPQPVWsULn0Hhx1sotAhPK8z1m7MQG30GSAGoKg6LkDonfdGf-Aig2wE3mycF8o4mlLtujssxTsQYFX_XONb3EHSg%3D%3D&amp;sa=X&amp;ved=2ahUKEwjtgdb96vb9AhUvSmwGHQUYARoQmxMoAHoECBIQAg\">Japanese Rock</a>,&nbsp;<a href=\"https://www.google.com.vn/search?hl=vi&amp;sxsrf=APwXEdfuYc5AcRZ5CMY90_vVqFnDXV8EBw:1679738887578&amp;q=&amp;si=AMnBZoEZ8aFftZu792frFYrnK9KQYGXRL3UTeDeHB9-uc0sfFf7Q7ZThWNvmxFwn45xGAlbkYac4jcat6zZ6yYj3DXO0CfVy6dYoDeqT8Sg9Wn00zuphNTTuZqcoslRFeBUgXD_RN4Hhr_W8RN1m2REhiIywqrOS8ZuVz3pqAq5rc3M-GpcKTb0Y166yFG3CiA7e6nG3lTANnEO0s5KrMGWDcC-Y1THLMqqy29nYtsbPmYCqpFUimnqI6UvvCoFjQAcz8PVxY5UGcJ0_HK8uI9oSl01ViaC74A%3D%3D&amp;sa=X&amp;ved=2ahUKEwjtgdb96vb9AhUvSmwGHQUYARoQmxMoAXoECBIQAw\">Pop</a>,&nbsp;<a href=\"https://www.google.com.vn/search?hl=vi&amp;sxsrf=APwXEdfuYc5AcRZ5CMY90_vVqFnDXV8EBw:1679738887578&amp;q=&amp;si=AMnBZoEZ8aFftZu792frFYrnK9KQYGXRL3UTeDeHB9-uc0sfFYuyD4KKib0_q0jVfAKrT-_ckO2otanm0DLvzk7E0sNj6QypCm2VHiorkiE6WaKKRXNPkVZVqTMB501o2b9rr8jgBNzZNXQ78N9TKPTGmd5hP7AEFSz1a-e63DaWLrYss_29-ozGT5zs2G8njHdh--2s9mLH5yycv1VN_1Y2TFNxxOvrDOQ26CJzaBFYayReznbmT1PLbg3T2w6ZZexkcGrHXZA7DYD2zwry3VOcIgxaOUcTCg%3D%3D&amp;sa=X&amp;ved=2ahUKEwjtgdb96vb9AhUvSmwGHQUYARoQmxMoAnoECBIQBA\">Japanese Indie</a>,&nbsp;<a href=\"https://www.google.com.vn/search?hl=vi&amp;sxsrf=APwXEdfuYc5AcRZ5CMY90_vVqFnDXV8EBw:1679738887578&amp;q=&amp;si=AMnBZoEZ8aFftZu792frFYrnK9KQYGXRL3UTeDeHB9-uc0sfFYfh0wQF8z4pWRDHLII0wAur9yv8TY8zDAv97mOHnIlWANmQnBX_-0kqxwIgkULECg39CCzFP59NTsHwNjgzHeft0hhtLQC4pEQpSmCZVGf7wxbj0BYwEuL8t_Bizn1hLjcoxT7m-UvvUxSr5VjaEfxS7BYkoXOpV-vczV0K3LxVA5OnGbBPdXArHuYzoh9BEdJzYo9MptAFXOP7WUTRaF6mG9x286trSz-ionXTgY2ebY9qjQ%3D%3D&amp;sa=X&amp;ved=2ahUKEwjtgdb96vb9AhUvSmwGHQUYARoQmxMoA3oECBIQBQ\">Rock</a>,&nbsp;<a href=\"https://www.google.com.vn/search?hl=vi&amp;sxsrf=APwXEdfuYc5AcRZ5CMY90_vVqFnDXV8EBw:1679738887578&amp;q=&amp;si=AMnBZoEZ8aFftZu792frFYrnK9KQYGXRL3UTeDeHB9-uc0sfFQUbivS3yBIMFdCcb6tzGabKLc5vncEMtnhdCKXT_Tu-vdBsDCdktD1ODMnNAbRDqj88Zri7vrMYc58TAi4Ad1jTDdZXA9NtU2OPiLULjT20RMR1-bEirFPEcIx3XYms3A7hA4DWlkuvuP93DGAL5QO7Kry341kW9kVRvfpUqRo6bCkJYRoR0qEKAmlNnWzQxwTD9CXRVJLtsyg5AQlM-EsbbNIzNqj2AxwBBTUwWQ-6eBd7FA%3D%3D&amp;sa=X&amp;ved=2ahUKEwjtgdb96vb9AhUvSmwGHQUYARoQmxMoBHoECBIQBg\">J-Pop</a></p>', '<p>B&agrave;i h&aacute;t: Silhouette - Kana-Boon<br />\r\n<br />\r\nIssen no se de fumikomu gourain bokura wa<br />\r\nNani mo nani mo mada shiranu<br />\r\nIssen koete furikaeruto mou nai bokura wa<br />\r\nNani mo nani mo mada shiranu<br />\r\n<br />\r\nUdatte udatte udatteku<br />\r\nKirameku ase ga koboreru no sa<br />\r\n<br />\r\nOboetenai koto mo takusan atta darou<br />\r\nDare mo kare mo shiruetto<br />\r\nDaiji ni shiteta mono, wasureta furi o shitanda yo<br />\r\nNani mo nani yo waraerusa<br />\r\n<br />\r\nIsse no de, omoidasu shounen<br />\r\nBokura wa nanimo kamo o hoshiga tta<br />\r\nWakatatteiru tte a kidzuitieru tte<br />\r\nTokei no hari wa hibi wa tomaranai<br />\r\n<br />\r\nUbatte ubatte ubatteku<br />\r\nnagareru toki to kioku<br />\r\nTooku tooku tooku ni natte<br />\r\n<br />\r\nOboetenai koto mo takusan attadarou<br />\r\nDaremo kare mo shiruetto<br />\r\nOsorete yamanu koto, shiranai furi o shitanda yo<br />\r\nNanimo nani yo waraerusa<br />\r\n<br />\r\nHirari to hirari to matteru<br />\r\nKonoha no you ni yureru koto naku shousou naku sugoshiteitai yo<br />\r\n<br />\r\nOboetenai koto mo takusan atta kedo<br />\r\nKitto zutto kawaranai<br />\r\nMono ga aru koto o oshiete kureta anata wa kienu kienu shiruetto<br />\r\nDaiji ni shitai mono motte oto nani naru nda<br />\r\nDonna toki mo hanasazu ni<br />\r\nMamori tsudzukeyou soshitara itsu no hi ni ka<br />\r\nNanimo kamo o waraerusa<br />\r\n<br />\r\nHirari to hirari to matteru<br />\r\nKonoha ga tonde yuku</p>', 0, 17, 3, 2312419, 1, '2023-03-25 03:09:24', '2023-03-25 03:09:24'),
(20, 'Bones', '/storage/uploads/2023/03/28/artworks-tNwcInYfu33Xc9dx-pGUdqg-t500x500.jpg', '/storage/uploads/2023/03/28/Imagine Dragons - Bones (Official Music Video).mp3', '<p>&quot;Bones&quot; l&agrave; một b&agrave;i h&aacute;t của ban nhạc pop rock Imagine Dragons. B&agrave;i h&aacute;t được ph&aacute;t h&agrave;nh th&ocirc;ng qua Interscope v&agrave; Kidinakorner v&agrave;o ng&agrave;y 11 th&aacute;ng 3 năm 2022, l&agrave; đĩa đơn ch&iacute;nh trong album ph&ograve;ng thu thứ s&aacute;u của ban nhạc, Mercury - Act 2. B&agrave;i h&aacute;t được viết bởi Dan Reynolds, Wayne Sermon, Ben McKee, Daniel Platzman, v&agrave; c&aacute;c nh&agrave; sản xuất thu&ocirc;c Mattman &amp; Robin.</p>\r\n\r\n<p><a href=\"https://coccoc.com/search?query=bones%20pha%CC%81t%20ha%CC%80nh&amp;ps=undefined\" target=\"_self\">Phát hành:</a></p>\r\n\r\n<p>March 11, 2022</p>\r\n\r\n<p><a href=\"https://coccoc.com/search?query=bones%20th%E1%BB%83%20lo%E1%BA%A1i&amp;ps=undefined\" target=\"_self\">Thể loại:</a></p>\r\n\r\n<p>Rock</p>\r\n\r\n<p><a href=\"https://coccoc.com/search?query=bones%20th%E1%BB%9Di%20l%C6%B0%E1%BB%A3ng&amp;ps=undefined\" target=\"_self\">Thời lượng:</a></p>\r\n\r\n<p>2:45</p>\r\n\r\n<p><a href=\"https://coccoc.com/search?query=bones%20h%C3%A3ng%20%C4%91%C4%A9a&amp;ps=undefined\" target=\"_self\">H&atilde;ng đĩa:</a></p>\r\n\r\n<p>Interscope, Kidinakorner</p>\r\n\r\n<p><a href=\"https://coccoc.com/search?query=bones%20sa%CC%81ng%20ta%CC%81c&amp;ps=undefined\" target=\"_self\">Sáng tác:</a></p>\r\n\r\n<p>Dan Reynolds, Wayne Sermon, Ben McKee, Daniel Platzman, Robin Fredriksson, Mattias Larsson</p>\r\n\r\n<p><a href=\"https://coccoc.com/search?query=bones%20s%E1%BA%A3n%20xu%E1%BA%A5t&amp;ps=undefined\" target=\"_self\">Sản xuất:</a></p>\r\n\r\n<p>Mattman &amp; Robin</p>', '<p>[Verse 1]<br />\r\nGimme, gimme, gimme some time to think<br />\r\nI&#39;m in the bathroom, looking at me<br />\r\nFace in the mirror is all I need (Ooh-ooh)<br />\r\nWait until the reaper takes my life<br />\r\nNever gonna get me out alive<br />\r\nI will live a thousand million lives (Ooh-ooh)<br />\r\n<br />\r\n[Pre-Chorus]<br />\r\nMy patience is waning, is this entertaining?<br />\r\nOur patience is waning, is this entertaining?<br />\r\n<br />\r\n[Chorus]<br />\r\nI-I-I got this feeling, yeah, you know<br />\r\nWhere I&#39;m losing all control<br />\r\n&#39;Cause there&#39;s magic in my bones<br />\r\nI-I-I got this feeling in my soul<br />\r\nGo ahead and throw your stones<br />\r\n&#39;Cause there&#39;s magic in my bones<br />\r\n<br />\r\n[Verse 2]<br />\r\nPlayin&#39; with a stick of dynamitе<br />\r\nThere was nevеr gray in black and white<br />\r\nThere was never wrong &#39;til there was right (Ooh-ooh)<br />\r\nFeelin&#39; like a boulder hurtlin&#39;<br />\r\nSeein&#39; all the vultures circlin&#39;<br />\r\nBurnin&#39; in the flames, I&#39;m workin&#39; in<br />\r\nTurnin&#39; in a bed, that&#39;s darkenin&#39;<br />\r\n<br />\r\n[Pre-Chorus]<br />\r\nMy patience is waning, is this entertaining?<br />\r\nOur patience is waning, is this entertaining?<br />\r\n<br />\r\n[Chorus]<br />\r\nI-I-I got this feeling, yeah, you know<br />\r\nWhere I&#39;m losing all control<br />\r\n&#39;Cause there&#39;s magic in my bones (In my bones)<br />\r\nI-I-I got this feeling in my soul<br />\r\nGo ahead and throw your stones<br />\r\n&#39;Cause there&#39;s magic in my bones<br />\r\n<br />\r\n[Post-Chorus]<br />\r\n&#39;Cause there&#39;s magic in my bones<br />\r\n<br />\r\n[Bridge]<br />\r\nLook in the mirror of my mind<br />\r\nTurnin&#39; the pages of my life<br />\r\nWalkin&#39; the path so many paced a million times<br />\r\nDrown out the voices in the air<br />\r\nLeavin&#39; the ones that never cared<br />\r\nPickin&#39; the pieces up and buildin&#39; to the sky<br />\r\n<br />\r\n[Pre-Chorus]<br />\r\nMy patience is waning, is this entertaining?<br />\r\nMy patience is waning, is this entertaining?<br />\r\n<br />\r\n[Chorus]<br />\r\nI-I-I got this feeling, yeah, you know<br />\r\nWhere I&#39;m losing all control<br />\r\n&#39;Cause there&#39;s magic in my bones (Magic in my bones)<br />\r\nI-I-I got this feeling in my soul (Soul)<br />\r\nGo ahead and throw your stones<br />\r\n&#39;Cause there&#39;s magic in my bones<br />\r\n<br />\r\n[Outro]<br />\r\nThere goes my mind, (I-I-I) don&#39;t mind<br />\r\nThere goes my mind (There it goes, there it goes)<br />\r\nThere goes my mind, (I-I-I) don&#39;t mind<br />\r\nThere goes my mind (There it goes)<br />\r\n&#39;Cause there&#39;s magic in my bones</p>', 0, 20, 8, 2673194, 1, '2023-03-27 18:43:58', '2023-03-27 18:43:58'),
(21, 'Believer', '/storage/uploads/2023/03/28/artworks-s3zOCWcV8XQVtQcv-0emq8A-t500x500.jpg', '/storage/uploads/2023/03/28/Imagine Dragons - Believer (Official Music Video).mp3', '<p>&quot;Believer&quot; l&agrave; b&agrave;i h&aacute;t của ban nhạc rock Mỹ Imagine Dragons. B&agrave;i h&aacute;t ph&aacute;t h&agrave;nh v&agrave;o ng&agrave;y 1 th&aacute;ng 2 năm 2017, th&ocirc;ng qua Interscope Records v&agrave; Kidinakorner dưới dạng đĩa đơn chủ đạo trong album ph&ograve;ng thu thứ ba của ban nhạc mang t&ecirc;n Evolve (2017). B&agrave;i h&aacute;t do Dan Reynolds, Wayne Sermon, Ben McKee, Daniel Platzman, Justin Tranter s&aacute;ng t&aacute;c v&agrave; Mattman &amp; Robin sản xuất.</p>\r\n\r\n<p><a href=\"https://coccoc.com/search?query=believer%20(b%C3%A0i%20h%C3%A1t%20c%E1%BB%A7a%20imagine%20dragons)%20pha%CC%81t%20ha%CC%80nh&amp;ps=undefined\" target=\"_self\">Phát hành:</a></p>\r\n\r\n<p>1-2-2017</p>\r\n\r\n<p><a href=\"https://coccoc.com/search?query=believer%20(b%C3%A0i%20h%C3%A1t%20c%E1%BB%A7a%20imagine%20dragons)%20thu%20%C3%A2m&amp;ps=undefined\" target=\"_self\">Thu &acirc;m:</a></p>\r\n\r\n<p>2016</p>\r\n\r\n<p><a href=\"https://coccoc.com/search?query=believer%20(b%C3%A0i%20h%C3%A1t%20c%E1%BB%A7a%20imagine%20dragons)%20th%E1%BB%83%20lo%E1%BA%A1i&amp;ps=undefined\" target=\"_self\">Thể loại:</a></p>\r\n\r\n<p>Arena rock, pop rock</p>\r\n\r\n<p><a href=\"https://coccoc.com/search?query=believer%20(b%C3%A0i%20h%C3%A1t%20c%E1%BB%A7a%20imagine%20dragons)%20th%E1%BB%9Di%20l%C6%B0%E1%BB%A3ng&amp;ps=undefined\" target=\"_self\">Thời lượng:</a></p>\r\n\r\n<p>3:24</p>\r\n\r\n<p><a href=\"https://coccoc.com/search?query=believer%20(b%C3%A0i%20h%C3%A1t%20c%E1%BB%A7a%20imagine%20dragons)%20h%C3%A3ng%20%C4%91%C4%A9a&amp;ps=undefined\" target=\"_self\">H&atilde;ng đĩa:</a></p>\r\n\r\n<p>Interscope, Kidinakorner</p>\r\n\r\n<p><a href=\"https://coccoc.com/search?query=believer%20(b%C3%A0i%20h%C3%A1t%20c%E1%BB%A7a%20imagine%20dragons)%20sa%CC%81ng%20ta%CC%81c&amp;ps=undefined\" target=\"_self\">Sáng tác:</a></p>\r\n\r\n<p>Dan Reynolds, Wayne Sermon, Ben McKee, Daniel Platzman, Robin Fredriksson, Mattias Larsson, Justin Tranter</p>\r\n\r\n<p><a href=\"https://coccoc.com/search?query=believer%20(b%C3%A0i%20h%C3%A1t%20c%E1%BB%A7a%20imagine%20dragons)%20s%E1%BA%A3n%20xu%E1%BA%A5t&amp;ps=undefined\" target=\"_self\">Sản xuất:</a></p>\r\n\r\n<p>Mattman &amp; Robin</p>', '<p>First things first<br />\r\nI&#39;ma say all the words inside my head<br />\r\nI&#39;m fired up and tired of the way that things have been, oh-ooh<br />\r\nThe way that things have been, oh-ooh<br />\r\nSecond thing second<br />\r\nDon&#39;t you tell me what you think that I can be<br />\r\nI&#39;m the one at the sail, I&#39;m the master of my sea, oh-ooh<br />\r\nThe master of my sea, oh-ooh<br />\r\n<br />\r\nI was broken from a young age<br />\r\nTaking my soul into the masses<br />\r\nWrite down my poems for the few<br />\r\nThat looked at me took to me, shook to me, feeling me<br />\r\nSinging from heart ache from the pain<br />\r\nTake up my message from the veins<br />\r\nSpeaking my lesson from the brain<br />\r\nSeeing the beauty through the<br />\r\n<br />\r\nPain!<br />\r\nYou made me a, you made me a believer, believer<br />\r\nPain!<br />\r\nYou break me down, you build me up, believer, believer<br />\r\nPain!<br />\r\nI let the bullets fly, oh let them rain<br />\r\nMy luck, my love, my God, they came from<br />\r\nPain!<br />\r\nYou made me a, you made me a believer, believer<br />\r\n<br />\r\nThird things third<br />\r\nSend a prayer to the ones up above<br />\r\nAll the hate that you&#39;ve heard has turned your spirit to a dove, oh-ooh<br />\r\nYour spirit up above, oh-ooh<br />\r\n<br />\r\nI was choking in the crowd<br />\r\nLiving my brain up in the cloud<br />\r\nFalling like ashes to the ground<br />\r\nHoping my feelings, they would drown<br />\r\nBut they never did, ever lived, ebbing and flowing<br />\r\nInhibited, limited<br />\r\nTill it broke up and it rained down<br />\r\nIt rained down, like<br />\r\n<br />\r\nPain!<br />\r\nYou made me a, you made me a believer, believer<br />\r\nPain!<br />\r\nYou break me down, you built me up, believer, believer<br />\r\nPain!<br />\r\nI let the bullets fly, oh let them rain<br />\r\nMy luck, my love, my God, they came from<br />\r\nPain!<br />\r\nYou made me a, you made me a believer, believer<br />\r\n<br />\r\nLast things last<br />\r\nBy the grace of the fire and the flames<br />\r\nYou&#39;re the face of the future, the blood in my veins, oh-ooh<br />\r\nThe blood in my veins, oh-ooh<br />\r\nBut they never did, ever lived, ebbing and flowing<br />\r\nInhibited, limited<br />\r\nTill it broke up and it rained down<br />\r\nIt rained down, like<br />\r\n<br />\r\nPain!<br />\r\nYou made me a, you made me a believer, believer<br />\r\nPain!<br />\r\nYou break me down, you built me up, believer, believer<br />\r\nPain!<br />\r\nI let the bullets fly, oh let them rain<br />\r\nMy luck, my love, my God, they came from<br />\r\nPain!<br />\r\nYou made me a, you made me a believer, believer</p>', 0, 20, 8, 20149253, 1, '2023-03-27 18:47:24', '2023-03-27 18:47:24'),
(22, 'THE BADDEST', '/storage/uploads/2023/03/28/artworks-Top4PLaYqzfUKhIu-KNb8WQ-t500x500.jpg', '/storage/uploads/2023/03/28/K-DA - THE BADDEST ft. (G)I-DLE, Bea Miller, Wolftyla (Official Lyric Video) - League of Legends.mp3', '<p>&quot;The Baddest&quot; l&agrave; một b&agrave;i h&aacute;t của nh&oacute;m nhạc nữ K-pop ảo - K/DA, được ph&aacute;t h&agrave;nh dưới dạng đĩa đơn v&agrave;o ng&agrave;y 27 th&aacute;ng 8 năm 2020 v&agrave; l&agrave; đĩa đơn ch&iacute;nh trong đĩa mở rộng đầu tay All Out của họ. Đ&acirc;y l&agrave; b&agrave;i h&aacute;t mới nhất của K/DA kể từ khi &quot;Pop/Stars&quot; được ra mắt v&agrave;o năm 2018. B&agrave;i h&aacute;t được s&aacute;ng t&aacute;c bởi Riot Music Team, c&ugrave;ng với Bekuh BOOM, đi k&egrave;m với một video lời b&agrave;i h&aacute;t đ&atilde; được tải l&ecirc;n k&ecirc;nh YouTube ch&iacute;nh thức của Li&ecirc;n Minh Huyền Thoại c&ugrave;ng ng&agrave;y.</p>\r\n\r\n<p><a href=\"https://coccoc.com/search?query=the%20baddest%20(b%C3%A0i%20h%C3%A1t%20c%E1%BB%A7a%20k/da)%20ng%C3%B4n%20ng%C6%B0%CC%83&amp;ps=undefined\" target=\"_self\">Ng&ocirc;n ngữ:</a></p>\r\n\r\n<p>tiếng Anh, tiếng H&agrave;n</p>\r\n\r\n<p><a href=\"https://coccoc.com/search?query=the%20baddest%20(b%C3%A0i%20h%C3%A1t%20c%E1%BB%A7a%20k/da)%20pha%CC%81t%20ha%CC%80nh&amp;ps=undefined\" target=\"_self\">Phát hành:</a></p>\r\n\r\n<p>27 th&aacute;ng 8 năm 2020</p>\r\n\r\n<p><a href=\"https://coccoc.com/search?query=the%20baddest%20(b%C3%A0i%20h%C3%A1t%20c%E1%BB%A7a%20k/da)%20th%E1%BB%83%20lo%E1%BA%A1i&amp;ps=undefined\" target=\"_self\">Thể loại:</a></p>\r\n\r\n<p>K-pop</p>\r\n\r\n<p><a href=\"https://coccoc.com/search?query=the%20baddest%20(b%C3%A0i%20h%C3%A1t%20c%E1%BB%A7a%20k/da)%20th%E1%BB%9Di%20l%C6%B0%E1%BB%A3ng&amp;ps=undefined\" target=\"_self\">Thời lượng:</a></p>\r\n\r\n<p>2:42</p>\r\n\r\n<p><a href=\"https://coccoc.com/search?query=the%20baddest%20(b%C3%A0i%20h%C3%A1t%20c%E1%BB%A7a%20k/da)%20h%C3%A3ng%20%C4%91%C4%A9a&amp;ps=undefined\" target=\"_self\">H&atilde;ng đĩa:</a></p>\r\n\r\n<p>Riot Games, Stone (H&agrave;n Quốc)</p>\r\n\r\n<p><a href=\"https://coccoc.com/search?query=the%20baddest%20(b%C3%A0i%20h%C3%A1t%20c%E1%BB%A7a%20k/da)%20sa%CC%81ng%20ta%CC%81c&amp;ps=undefined\" target=\"_self\">Sáng tác:</a></p>\r\n\r\n<p>Riot Music Team, Rebecca Johnson, Bekuh BOOM</p>\r\n\r\n<p><a href=\"https://coccoc.com/search?query=the%20baddest%20(b%C3%A0i%20h%C3%A1t%20c%E1%BB%A7a%20k/da)%20s%E1%BA%A3n%20xu%E1%BA%A5t&amp;ps=undefined\" target=\"_self\">Sản xuất:</a></p>\r\n\r\n<p>Riot Music Team, Sebastien Najand, Yasuo</p>', '<p>B&agrave;i h&aacute;t: The Baddest - K/DA, (G)I-DLE, Bea Miller, Wolftyla<br />\r\n<br />\r\nBaddest do what the baddest do (Hey)<br />\r\nThe baddest do (Hey), we the baddest, ooh<br />\r\nBaddest do what the baddest do (Hey)<br />\r\nThe baddest do (Hey), we the baddest<br />\r\n<br />\r\n[Chorus: Bea Miller]<br />\r\nWe&#39;re comin&#39; at you live, real, real wild<br />\r\nHere to light it up, set the world on fire<br />\r\nGonna break the rules and hearts in twos<br />\r\n&#39;Cause that&#39;s what the baddest do<br />\r\nNever goin&#39; back, nah, not that<br />\r\nDiamonds on drip &#39;cause I came to make a splash<br />\r\nGonna break the rules and hearts in twos<br />\r\n&#39;Cause that&#39;s what the baddest do<br />\r\n<br />\r\n[Verse 1: Soyeon]<br />\r\nUh, I spit heat, I&#39;ll melt your face off<br />\r\nDisappear, I&#39;m your eraser (Yeah)<br />\r\nIn the cut just like a razor<br />\r\nMurder business, where my blazer?<br />\r\nI got all the boys on me<br />\r\nI got all the lines on ring<br />\r\nKnock &#39;em dead, turning heads<br />\r\nI got all the eyes on me<br />\r\nPretty face geol-eodeul-eowa yuhaeng seonduja<br />\r\nWonhajiman moshajanh-a aega tajanh-a<br />\r\nYou like, &quot;Woah, &#39;Kali, you the GOAT&quot;<br />\r\nNan alji I know<br />\r\nJunbihae &#39;cause I like to ball meomchuji anh-a<br />\r\nNaneun lit keuge like a bit geugeo malgo byte<br />\r\nMid-eobwa keun mankeum keuge eokkae pyeogo high<br />\r\nBaeg peosenteu deombiji moshae jug-yeojujanh-a<br />\r\nNaneun boss ganji with the sauce wonhamyeon julge<br />\r\n<br />\r\n[Pre-Chorus: Miyeon]<br />\r\nI&#39;m doing damage, went just how I planned it<br />\r\nI do what I want when I say (When I say)<br />\r\nModu nal ttala hae nan kkeutnaejujanh-a<br />\r\nTo live on the edge of insane<br />\r\n<br />\r\n[Chorus: Bea Miller]<br />\r\nComin&#39; at you live, real, real wild<br />\r\nHere to light it up, set the world on fire<br />\r\nGonna break the rules and hearts in twos<br />\r\n&#39;Cause that&#39;s what the baddest do<br />\r\nNever goin&#39; back, nah, not that<br />\r\nDiamonds on drip &#39;cause I came to make a splash<br />\r\nGonna break the rules and hearts in twos<br />\r\n&#39;Cause that&#39;s what the baddest do (It&#39;s crazy)<br />\r\n<br />\r\n[Verse 2: Wolftyla]<br />\r\nSorry for the bad news, sorry I&#39;m so bad<br />\r\nOnly took a minute for me to get what you had<br />\r\nSorry for the bad news, know it makes you sad<br />\r\nI&#39;ll be here for a minute, baby, you should pack your bags<br />\r\nWay that I look should be breakin&#39; the law<br />\r\nIf I don&#39;t got it, I take what I want<br />\r\nMy circle small like a round of applause<br />\r\nYou know that I love the sound of applause<br />\r\nYou know I mean everything that I say<br />\r\nWhen you see me coming, get out of the way<br />\r\nI came to slay, I came to slay<br />\r\nBack and I&#39;m better and ready to stay<br />\r\n<br />\r\n[Bridge: Miyeon]<br />\r\nI&#39;m doing damage, went just how I planned it<br />\r\nI do what I want when I say (When I say)<br />\r\nModu nal ttala hae nan kkeutnaejujanh-a<br />\r\nTo live on the edge of insane, it&#39;s crazy<br />\r\n<br />\r\n[Outro: Soyeon]<br />\r\nSorry not sorry for bein&#39; the best<br />\r\nEonjedeunji naega jom hae<br />\r\nLook at the gold all on my chest<br />\r\nLook at the gold, call it a flex</p>', 0, 16, 8, 1464386, 1, '2023-03-27 18:50:56', '2023-03-27 18:50:56'),
(23, 'Best friends', '/storage/uploads/2023/03/29/456ac127035f90c0ebbd1f0e30a6d667.1000x1000x1.jpg', '/storage/uploads/2023/03/29/The Weeknd - Best Friends (Official Lyric Video).mp3', '<p>Hiện kh&ocirc;ng c&oacute; m&ocirc; tả</p>', '<p>[Intro]<br />\r\nYeah, yeah, yeah<br />\r\nYeah, yeah, yeah, yeah<br />\r\nOh, oh, oh<br />\r\nHey<br />\r\nYeah, yeah, yeah, uh<br />\r\nYeah, yeah, yeah, yeah<br />\r\n<br />\r\n[Chorus]<br />\r\nOh, what we got<br />\r\nBaby, what we got is secure<br />\r\nBeen a part of toxic love<br />\r\nIt tore us apart</p>\r\n\r\n<p><br />\r\nThings you want, I&#39;m not lookin&#39; for<br />\r\nYou&#39;re my best friend now<br />\r\nYou&#39;re my best friend now<br />\r\nOh, I don&#39;t want to be responsible<br />\r\nFor your heart if we fall<br />\r\nCause I&#39;ll get clumsy and tear it apart<br />\r\nI love you so, but we can&#39;t get close<br />\r\nYou&#39;re my best friend now<br />\r\nYou&#39;re my best friend now<br />\r\n<br />\r\n[Verse]<br />\r\nOh, I love it when we climax (Climax)<br />\r\nAnd I would never burn you<br />\r\nI could never hurt you</p>\r\n\r\n<p><br />\r\nIf we do it like that<br />\r\nDon&#39;t try to take it further<br />\r\nFocus on the friendship<br />\r\nGet a little sidetracked<br />\r\nCatchin&#39; little feelings<br />\r\nThought we had arrangements<br />\r\nThought you weren&#39;t like that<br />\r\nYeah (Uh-uh), I thought you weren&#39;t like that<br />\r\n<br />\r\n[Pre-Chorus]<br />\r\nOh, friends no more<br />\r\nSex as friends no more<br />\r\nYou don&#39;t wanna have sex as friends no more<br />\r\nFriends no more</p>\r\n\r\n<p><br />\r\nOoh, friends no more, uh<br />\r\nSex as friends no more<br />\r\nYou don&#39;t wanna have sex as friends no more<br />\r\nOh<br />\r\n<br />\r\n[Chorus]<br />\r\nOh, what we got (Oh yeah)<br />\r\nBaby, what we got is secure<br />\r\nBeen a part of toxic love<br />\r\nIt tore us apart (Oh yeah)<br />\r\nThings you want, I&#39;m not lookin&#39; for (I&#39;m not searchin&#39;)<br />\r\nYou&#39;re my best friend now (Oh baby)<br />\r\nYou&#39;re my best friend now<br />\r\nOh, I don&#39;t want to be responsible</p>\r\n\r\n<p><br />\r\nFor your heart if we fall (Oh no)<br />\r\nCause I&#39;ll get clumsy and tear it apart<br />\r\nI love you so (Oh yeah), but we can&#39;t get close<br />\r\nYou&#39;re my best friend now (Best friend now)<br />\r\nYou&#39;re my best friend now (Best friend now)<br />\r\n<br />\r\n[Outro]</p>', 3, 18, 8, 236162, 1, '2023-03-28 17:59:11', '2023-03-28 17:59:11'),
(24, 'Less than zero', '/storage/uploads/2023/03/29/artworks-X190cqwUnxrfL1lv-4e4dTg-t500x500.jpg', '/storage/uploads/2023/03/29/The Weeknd - Less Than Zero (Official Lyric Video).mp3', '<p>Album:&nbsp;<a href=\"https://www.google.com.vn/search?sa=X&amp;hl=vi&amp;sxsrf=APwXEdeOsun_I6AsX7pIoolRqQ6mRvW6OQ:1680051748503&amp;q=The+Weeknd+Dawn+FM&amp;stick=H4sIAAAAAAAAAOPgE-LVT9c3NCzOTc8wz0tLV4JxUyqNki3KtdSzk630c0uLM5P1i1KT84tSMvPS45NzSotLUous0jKLiksUEnOSSnMXsQqFZKQqhKemZuelKLgklucpuPnuYGXcxc7EwQAAR5Yhp2YAAAA&amp;ved=2ahUKEwjB0LG9-P_9AhWaU94KHbBsB7kQmxMoAHoECBIQAg\">Dawn FM</a></p>\r\n\r\n<p>Nghệ sĩ:&nbsp;<a href=\"https://www.google.com.vn/search?sa=X&amp;hl=vi&amp;sxsrf=APwXEdeOsun_I6AsX7pIoolRqQ6mRvW6OQ:1680051748503&amp;q=The+Weeknd&amp;stick=H4sIAAAAAAAAAOPgE-LVT9c3NCzOTc8wz0tLV-LSz9U3SM9KyTNJ1lLKTrbSzy0tzkzWL0pNzi9KycxLj0_OKS0uSS2ySiwqySwuWcTKFZKRqhCempqdl7KDlXEXOxMHAwDdkglDVgAAAA&amp;ved=2ahUKEwjB0LG9-P_9AhWaU94KHbBsB7kQmxMoAHoECBMQAg\">The Weeknd</a></p>\r\n\r\n<p>Đã phát hành:&nbsp;2022</p>', '<p>Remember I was your hero, yeah<br />\r\nI&#39;d wear your heart like a symbol<br />\r\nI couldn&#39;t save you from my darkest truth of all</p>\r\n\r\n<p>I know<br />\r\nI&#39;ll always be less than zero<br />\r\nOh, yeah<br />\r\nYou tried your best with me, I know<br />\r\nI couldn&#39;t face you with my darkest truth of all<br />\r\nOh, oh-oh</p>\r\n\r\n<p>&#39;Cause I can&#39;t get it out of my head<br />\r\nNo, I can&#39;t shake this feeling that crawls in my bed<br />\r\nI try to hide it, but I know you know me<br />\r\nI try to fight it, but I&#39;d rather be free<br />\r\nOh, oh</p>\r\n\r\n<p>Oh, yeah<br />\r\nCan we meet in the middle?<br />\r\nOh, yeah<br />\r\n&#39;Cause you were just like me before<br />\r\nNow you&#39;d rather leave me than to watch me die in your arms<br />\r\nOh, oh</p>\r\n\r\n<p>But I can&#39;t get it out of my head<br />\r\nNo, I can&#39;t shake this feeling that crawls in my bed<br />\r\nI try to hide it, but I know you know me<br />\r\nI try to fight it, but I&#39;d rather be free<br />\r\nOh, oh, &iexcl;huh!</p>\r\n\r\n<p>I can&#39;t get it out of my head<br />\r\nNo, I can&#39;t shake this feeling that crawls in my bed<br />\r\nI try to hide it, but I know you know me<br />\r\nI try to fight it, but I&#39;d rather be free</p>\r\n\r\n<p>Yeah<br />\r\nI&#39;ll always be less than zero</p>\r\n\r\n<p>You tried your best with me, I know</p>', 3, 18, 8, 614792, 1, '2023-03-28 18:03:25', '2023-03-28 18:03:25'),
(25, 'Tại vì sao', '/storage/uploads/2023/03/29/artworks-fUZxBQiEanGLrQmd-wY7VGA-t500x500.jpg', '/storage/uploads/2023/03/29/11.Tại Vì Sao - RPT MCK - -99_- the album.mp3', '<p>Hiện chưa c&oacute; m&ocirc; tả</p>', '<p>Tại v&igrave; sao y&eacute; y&eacute;<br />\r\nCảm x&uacute;c kia quay về woh oh<br />\r\nL&agrave; tại ai yehh<br />\r\nĐ&atilde; khiến anh như vậy noooo</p>\r\n\r\n<p>Một điều m&agrave; anh đ&atilde; biết trước rằng l&agrave;<br />\r\nChỉ cần c&ograve;n khoảng c&aacute;ch sẽ kh&ocirc;ng thấy nhớ nhau<br />\r\nNhưng m&agrave; em đ&atilde; lỡ lưu son của em<br />\r\nL&ecirc;n bức tranh anh t&ocirc; m&agrave;u</p>\r\n\r\n<p>Vậy th&igrave; giờ anh muốn ở b&ecirc;n em thật l&acirc;u<br />\r\nBởi v&igrave; n&agrave;ng l&agrave; người l&agrave;m tr&aacute;i tim anh thấy bớt đau<br />\r\nBaby em cứ giữ đi Anh kh&ocirc;ng cần đ&acirc;u<br />\r\nWhooh ohhh</p>\r\n\r\n<p>V&agrave; young boy c&ocirc; đơn anh cũng muốn được y&ecirc;u<br />\r\nBaby tin anh đi Anh kh&ocirc;ng n&oacute;i đi&ecirc;u<br />\r\nĐề nghị n&agrave;ng h&atilde;y bỏ ngay đi cho anh th&oacute;i ki&ecirc;u<br />\r\nV&agrave; lắng nghe con tim anh nếu muốn được chiều</p>\r\n\r\n<p>V&agrave; nếu em l&agrave; fire th&igrave; anh l&agrave; nước<br />\r\nBởi v&igrave; khi ta gặp nhau th&igrave; ta sẽ dập nhau<br />\r\nC&ugrave;ng trao nhau t&igrave;nh y&ecirc;u qua nụ h&ocirc;n thật l&acirc;u<br />\r\nL&agrave;m phai đi vệt son Anh kh&ocirc;ng muốn đậm m&agrave;u</p>\r\n\r\n<p>V&agrave; đếm ba con số one two three<br />\r\nV&agrave; nếu em kh&ocirc;ng vui th&igrave; em cứ đi<br />\r\nV&igrave; anh kh&ocirc;ng muốn giữ đ&acirc;u anh ngu g&igrave;<br />\r\nV&agrave; cũng đừng gọi t&igrave;m anh l&uacute;c em thấy suy</p>\r\n\r\n<p>Bởi v&igrave; anh vẫn okay khi anh một m&igrave;nh<br />\r\nKiểm so&aacute;t được t&acirc;m tr&iacute; khi anh nhớ em<br />\r\nV&agrave; giờ th&igrave; anh đ&atilde; biết c&aacute;ch y&ecirc;u bản th&acirc;n m&igrave;nh<br />\r\nĐể kh&ocirc;ng một lần n&agrave;o lỡ hẹn</p>\r\n\r\n<p>Sẽ c&oacute; những l&uacute;c anh đi qu&ecirc;n lối về<br />\r\nTh&igrave; liệu n&agrave;ng c&ograve;n vẫn muốn nắm lấy tay anh<br />\r\nChỉ cần v&agrave;i vệt son lướt l&ecirc;n tr&ecirc;n đ&ocirc;i m&ocirc;i kề<br />\r\nCảm x&uacute;c ấy cứ thế v&acirc;y quanh</p>\r\n\r\n<p>Bước xuống dưới phố khi kh&ocirc;ng c&ograve;n b&oacute;ng người<br />\r\nBởi v&igrave; anh đi lang thang khi c&ocirc; đơn lẻ loi<br />\r\nNh&igrave;n v&agrave;o m&agrave;n trời đ&ecirc;m đen ngỡ rằng em thấy rồi<br />\r\nWhooo ohhh~~~</p>\r\n\r\n<p>Tại v&igrave; sao yeh<br />\r\nCảm x&uacute;c kia quay về ốh &ocirc;h ồh<br />\r\nL&agrave; tại ai yeh<br />\r\nĐ&atilde; khiến anh như vậy whooo ohh~</p>\r\n\r\n<p>C&oacute; nuối tiếc khi<br />\r\nEm cứ đổ tại duy&ecirc;n số cho anh được chạm v&agrave;o<br />\r\nNếu biết sẽ đau khi thật l&ograve;ng<br />\r\nLiệu c&oacute; v&igrave; một h&igrave;nh b&oacute;ng m&agrave; đem l&ograve;ng tin v&agrave;o một t&igrave;nh y&ecirc;u phai m&agrave;u</p>\r\n\r\n<p><strong>Verse 2:</strong></p>\r\n\r\n<p>Bởi v&igrave; em, mắt em<br />\r\nChỉ to&agrave;n l&agrave; m&agrave;u xanh của t&igrave;nh y&ecirc;u l&agrave;m cho anh lại tưởng đại dương b&ecirc;n thềm<br />\r\nOk, khi .. thấy em<br />\r\nL&agrave; cảm x&uacute;c chạm v&agrave;o nhau v&igrave; m&igrave;nh muốn tận hưởng ng&agrave;y tr&ocirc;i &ecirc;m đềm (c&oacute; nuối tiếc khi)</p>\r\n\r\n<p>Nếu anh biết trước anh đ&atilde; chẳng như thế<br />\r\nBaby Em kh&ocirc;ng th&iacute;ch những thứ s&acirc;u cay<br />\r\nBut i though that you were my babe<br />\r\nTa đ&atilde; c&ugrave;ng nhau mơ về thứ sau n&agrave;y</p>\r\n\r\n<p>Nếu anh biết trước anh sẽ kh&ocirc;ng như thế<br />\r\nLiệu em c&oacute; c&ograve;n giữ được niềm tin<br />\r\nAnh kh&ocirc;ng c&ograve;n lang thang đi kiếm t&igrave;m<br />\r\nĐể đời m&igrave;nh được dựng th&agrave;nh một cuốn phim</p>\r\n\r\n<p>Qu&atilde;ng ng&agrave;y buồn<br />\r\nC&oacute; lẽ Anh đ&atilde; hơi dại dột<br />\r\nBabe , anh hơi ngại rồi<br />\r\nChắc c&oacute; lẽ anh t&eacute;m lại th&ocirc;i<br />\r\nBởi v&igrave; n&agrave;ng l&agrave; người thật đ&aacute;ng chờ đợi<br />\r\nEm ơi h&atilde;y mau mở lời<br />\r\nCho qua đi niềm đau ở đời<br />\r\nSao giờ đ&acirc;y con tim vỡ đ&ocirc;i</p>\r\n\r\n<p>Tại v&igrave; sao tại v&igrave; sao y&eacute;ee<br />\r\nCảm x&uacute;c kia quay về oh oh oh<br />\r\nL&agrave; tại ai *l&agrave; tại ai yehh<br />\r\nĐ&atilde; khiến anh như vậy ồ oh oh oh ồ<br />\r\nTại v&igrave; sao *tại v&igrave; sao y&eacute;ee<br />\r\nCảm x&uacute;c kia quay về ồ oh oh ồ<br />\r\nĐ&atilde; khiến anh như vậy ~oh oh oh ~</p>\r\n\r\n<p>Sẽ c&oacute; ~ ph&uacute;t gi&acirc;y gần nhau ~<br />\r\nSẽ c&oacute; ~ ph&uacute;t gi&acirc;y gần nhau ~</p>\r\n\r\n<h2>3. Hợp &acirc;m Tại V&igrave; Sao</h2>\r\n\r\n<p>Capo 3<br />\r\n[Cmaj7] [Bm7]<br />\r\nTại v&igrave; [Cmaj7]sao<br />\r\nCảm x&uacute;c kia [Bm7]quay về<br />\r\nL&agrave; tại [Cmaj7]ai<br />\r\nĐ&atilde; khiến anh [Bm7]như vậy</p>\r\n\r\n<p>1 điều m&agrave; anh [Cmaj7]đ&atilde; biết trước rằng l&agrave;<br />\r\nChỉ cần c&ograve;n khoảng c&aacute;ch sẽ kh&ocirc;ng thấy nhớ nhau<br />\r\nNhưng m&agrave; em đ&atilde; [Bm7]lỡ lưu son của em, l&ecirc;n bức tranh anh t&ocirc; m&agrave;u<br />\r\nVậy th&igrave; giờ anh [Cmaj7]muốn b&ecirc;n em thật l&acirc;u<br />\r\nBởi v&igrave; n&agrave;ng l&agrave; người l&agrave;m tr&aacute;i tim anh thấy bớt đau<br />\r\nBaby em cứ [Bm7]giữ đi anh kh&ocirc;ng cần đ&acirc;u</p>\r\n\r\n<p>Youngboi c&ocirc; [Cmaj7]đơn anh cũng muốn được y&ecirc;u<br />\r\nBaby tin anh đi anh kh&ocirc;ng n&oacute;i đi&ecirc;u<br />\r\nĐề nghị n&agrave;ng h&atilde;y bỏ [Bm7]ngay đi cho anh th&oacute;i ki&ecirc;u<br />\r\nLắng nghe con tim anh nếu muốn được chiều<br />\r\nNếu em l&agrave; [Cmaj7]fire th&igrave; anh l&agrave; nước<br />\r\nBởi v&igrave; khi ta gặp nhau th&igrave; ta sẽ dập nhau<br />\r\nC&ugrave;ng trao nhau t&igrave;nh [Bm7]y&ecirc;u qua nụ h&ocirc;n thật l&acirc;u<br />\r\nL&agrave;m phai đi vệt son anh kh&ocirc;ng muốn đậm m&agrave;u</p>\r\n\r\n<p>Đếm 3 con [Cmaj7]số 123<br />\r\nNếu em kh&ocirc;ng vui th&igrave; em cứ đi<br />\r\nAnh kh&ocirc;ng muốn [Bm7]giữ đ&acirc;u anh ngu g&igrave;<br />\r\nV&agrave; đừng gọi t&igrave;m anh l&uacute;c em thấy suy<br />\r\nBởi v&igrave; anh vẫn o [Cmaj7]ke khi anh một m&igrave;nh<br />\r\nKiểm so&aacute;t đc t&acirc;m tr&iacute; khi anh nhớ em<br />\r\nGiờ th&igrave; anh đ&atilde; [Bm7]biết c&aacute;ch y&ecirc;u bản th&acirc;n m&igrave;nh<br />\r\nĐể kh&ocirc;ng 1 lần n&agrave;o lỡ hẹn</p>\r\n\r\n<p>Sẽ c&oacute; những [Cmaj7]l&uacute;c anh đi qu&ecirc;n lối về<br />\r\nTh&igrave; liệu n&agrave;ng c&ograve;n vẫn muốn nắm lấy tay anh<br />\r\nChỉ cần v&agrave;i son [Bm7]lướt l&ecirc;n tr&ecirc;n m&ocirc;i kề<br />\r\nCảm x&uacute;c ấy cứ thế v&acirc;y quanh<br />\r\nBước xuống dưới [Cmaj7]phố khi kh&ocirc;ng c&ograve;n b&oacute;ng người<br />\r\nBởi v&igrave; anh đi lang thang khi c&ocirc; đơn lẻ loi<br />\r\nNh&igrave;n v&agrave;o m&agrave;n trời đ&ecirc;m [Bm7]đen ngỡ rằng em thấy rồi</p>', 4, 9, 6, 31737, 1, '2023-03-28 18:08:25', '2023-03-28 18:08:25'),
(26, 'Warriors', '/storage/uploads/2023/03/29/Song_Cover_for__Warriors__by_Imagine_Dragons.jpg', '/storage/uploads/2023/03/29/Warriors (ft. Imagine Dragons) - Worlds 2014 - League of Legends.mp3', '<p>Nghệ sĩ:&nbsp;<a href=\"https://www.google.com.vn/search?sa=X&amp;hl=vi&amp;sxsrf=APwXEdfHKUKGtnOsi2vlp4dLNyXm42tQ6A:1680053006615&amp;q=Imagine+Dragons&amp;stick=H4sIAAAAAAAAAOPgE-LVT9c3NEwyT6lKrkrPUOLSz9U3SCmKNygp11LKTrbSzy0tzkzWL0pNzi9KycxLj0_OKS0uSS2ySiwqySwuWcTK75mbmJ6Zl6rgUpSYnp9XvIOVcRc7EwcDAFG7tYhbAAAA&amp;ved=2ahUKEwjF26aV_f_9AhVUZd4KHXMVDiEQmxMoAHoECBYQAg\">Imagine Dragons</a></p>\r\n\r\n<p>Album:&nbsp;<a href=\"https://www.google.com.vn/search?sa=X&amp;hl=vi&amp;sxsrf=APwXEdfHKUKGtnOsi2vlp4dLNyXm42tQ6A:1680053006615&amp;q=Imagine+Dragons+Smoke+and+Mirrors&amp;stick=H4sIAAAAAAAAAOPgE-LVT9c3NEwyT6lKrkrPUOLWz9U3MDTKSEk2KtBSz0620s8tLc5M1i9KTc4vSsnMS49PziktLkktskrLLCouUUjMSSrNXcSq6JmbmJ6Zl6rgUpSYnp9XrBCcm5-dqpCYl6Lgm1lUlF9UvIOVcRc7EwcDABkEs39zAAAA&amp;ved=2ahUKEwjF26aV_f_9AhVUZd4KHXMVDiEQmxMoAHoECBUQAg\">Smoke and Mirrors</a></p>\r\n\r\n<p>Đã phát hành:&nbsp;2015</p>\r\n\r\n<p>Thể loại:&nbsp;<a href=\"https://www.google.com.vn/search?sa=X&amp;hl=vi&amp;sxsrf=APwXEdfHKUKGtnOsi2vlp4dLNyXm42tQ6A:1680053006615&amp;q=&amp;si=AMnBZoEZ8aFftZu792frFYrnK9KQYGXRL3UTeDeHB9-uc0sfFV7PJF0aClXg5SiCZ-M9cJUSsybwca-GOUW3Q8UlVO2skqMJyj45_4pPIy5SkfWRbUl40xpqpgu9gD8g0aw08hj0e5vugitvUlsXHs2FmabWVRd70kSKfEvSodhHlkL__H762-3Mc77gGEwLJDmGnkiklPU13Ga-_4Chjn-q2FKiFhuIenvb3W1xVQn5xNxloHpptlJLqo_PeJLwrIBCwBZH5p1zcyNpu8KRrU_dfF-NzttJ9A%3D%3D&amp;ved=2ahUKEwjF26aV_f_9AhVUZd4KHXMVDiEQmxMoAHoECBoQAg\">Lu&acirc;n chuyển/Độc lập</a>,&nbsp;<a href=\"https://www.google.com.vn/search?sa=X&amp;hl=vi&amp;sxsrf=APwXEdfHKUKGtnOsi2vlp4dLNyXm42tQ6A:1680053006615&amp;q=&amp;si=AMnBZoEZ8aFftZu792frFYrnK9KQYGXRL3UTeDeHB9-uc0sfFZVz4qDhAwlqP1dCz761zK7IZhJeMBchfPT4iVjbLU_kh0FMdoqB-3i6k6GgzefYQYeFHlttL3aR9FTIVUzXSipAlqspb7ywnJj4-e8H40XE4e5gQSONunrkgqR9oHwlqikNKKqgpak8g_vymZBNfS4xdIwvA8Hy2byRgxa_o9BmHjUyg-Vlh_DMkBrKVVG76eczA3feIgmoPa_qe8eh-NvQ_Ab0ZkQ62arRhrvZEGlRPGFbDw%3D%3D&amp;ved=2ahUKEwjF26aV_f_9AhVUZd4KHXMVDiEQmxMoAXoECBoQAw\">Nhạc thiếu nhi</a>,&nbsp;<a href=\"https://www.google.com.vn/search?sa=X&amp;hl=vi&amp;sxsrf=APwXEdfHKUKGtnOsi2vlp4dLNyXm42tQ6A:1680053006615&amp;q=&amp;si=AMnBZoEofOODruSEFWFjdccePwMH96ZlZt3bOiKSR9t4pqlu2Ob5e8x5TjU4lN-Fh7P8DrZQDDF8CnWslN6GYAKfMO6oODz08d2ENYuIIMSuR8y_cQWn5Qx9XGBOUnJnqwouiY7WbwxobhJw4BBzqiz43DjYtCkbsDwnqnsuiQaP9FLNaVk2pifnauo0-f_nMuj9MoXnaPgpu1UufrXZXhnhg5T6rSqL0CxuMzKRhGFqyKDwtnLK_UVvDMzzlhxRGrCm7GUGGp0l&amp;ved=2ahUKEwjF26aV_f_9AhVUZd4KHXMVDiEQmxMoAnoECBoQBA\">Arena rock</a></p>', '<p>As a child, you would wait and watch from far away<br />\r\nBut you always knew that you&#39;d be the one<br />\r\nThat work while they all play</p>\r\n\r\n<p>In youth, you&#39;d lay awake at night and scheme<br />\r\nOf all the things that you would change<br />\r\nBut it was just a dream</p>\r\n\r\n<p>Here we are, don&#39;t turn away now (don&#39;t turn away)<br />\r\nWe are the warriors that built this town<br />\r\nHere we are, don&#39;t turn away now (don&#39;t turn away)<br />\r\nWe are the warriors that built this town<br />\r\nFrom dust</p>\r\n\r\n<p>Will come<br />\r\nWhen you will have to rise<br />\r\nAbove the best and prove yourself<br />\r\nYour spirit never dies</p>\r\n\r\n<p>Farewell, I&#39;ve gone to take my throne above<br />\r\nBut don&#39;t weep for me<br />\r\n&#39;Cause this will be the labor of my love</p>\r\n\r\n<p>Here we are, don&#39;t turn away now (don&#39;t turn away)<br />\r\nWe are the warriors that built this town<br />\r\nHere we are, don&#39;t turn away now (don&#39;t turn away)<br />\r\nWe are the warriors that built this town<br />\r\nFrom dust</p>\r\n\r\n<p>Here we are, don&#39;t turn away now (don&#39;t turn away)<br />\r\nWe are the warriors that built this town<br />\r\nHere we are, don&#39;t turn away now (don&#39;t turn away)<br />\r\nWe are the warriors that built this town<br />\r\nFrom dust</p>', 0, 20, 8, 34817247, 1, '2023-03-28 18:24:20', '2023-03-28 18:24:20');

-- --------------------------------------------------------

--
-- Cấu trúc bảng cho bảng `users`
--

CREATE TABLE `users` (
  `id` bigint UNSIGNED NOT NULL,
  `name` varchar(255) COLLATE utf8mb4_unicode_ci NOT NULL,
  `email` varchar(255) COLLATE utf8mb4_unicode_ci NOT NULL,
  `email_verified_at` timestamp NULL DEFAULT NULL,
  `password` varchar(255) COLLATE utf8mb4_unicode_ci NOT NULL,
  `remember_token` varchar(100) COLLATE utf8mb4_unicode_ci DEFAULT NULL,
  `created_at` timestamp NULL DEFAULT NULL,
  `updated_at` timestamp NULL DEFAULT NULL
) ENGINE=InnoDB DEFAULT CHARSET=utf8mb4 COLLATE=utf8mb4_unicode_ci;

--
-- Đang đổ dữ liệu cho bảng `users`
--

INSERT INTO `users` (`id`, `name`, `email`, `email_verified_at`, `password`, `remember_token`, `created_at`, `updated_at`) VALUES
(1, 'admin', 'admin@localhost.com', '2023-02-22 08:12:43', '$2y$10$KdmsO31ZWfEVRr/2Wu/n9OikF74k5f/mMaxMtnRtQO1VZF8Ci/k7y', 'Muge0ljD3rCqhktNqdXWZcnqU6QksYuoUYmlNtRlMNKr00haNLmm4VSmxxMH', '2023-02-22 08:12:43', '2023-02-22 08:12:43'),
(2, 'toan89471', 'toan89471@st.vimaru.edu.vn', '2023-03-06 02:22:24', '$2y$10$aoBMHSP7Fil1yzlUL.MveeSBRg0qzY.l/5DDzAVJ1.LqFWBmLPmWi', NULL, '2023-03-14 02:22:24', '2023-03-15 02:22:24');

--
-- Chỉ mục cho các bảng đã đổ
--

--
-- Chỉ mục cho bảng `albums`
--
ALTER TABLE `albums`
  ADD PRIMARY KEY (`id`);

--
-- Chỉ mục cho bảng `failed_jobs`
--
ALTER TABLE `failed_jobs`
  ADD PRIMARY KEY (`id`),
  ADD UNIQUE KEY `failed_jobs_uuid_unique` (`uuid`);

--
-- Chỉ mục cho bảng `lists`
--
ALTER TABLE `lists`
  ADD PRIMARY KEY (`id`);

--
-- Chỉ mục cho bảng `list_details`
--
ALTER TABLE `list_details`
  ADD PRIMARY KEY (`id`);

--
-- Chỉ mục cho bảng `menus`
--
ALTER TABLE `menus`
  ADD PRIMARY KEY (`id`),
  ADD UNIQUE KEY `menus_slug_unique` (`slug`);

--
-- Chỉ mục cho bảng `migrations`
--
ALTER TABLE `migrations`
  ADD PRIMARY KEY (`id`);

--
-- Chỉ mục cho bảng `m_v_s`
--
ALTER TABLE `m_v_s`
  ADD PRIMARY KEY (`id`);

--
-- Chỉ mục cho bảng `password_reset_tokens`
--
ALTER TABLE `password_reset_tokens`
  ADD PRIMARY KEY (`email`);

--
-- Chỉ mục cho bảng `personal_access_tokens`
--
ALTER TABLE `personal_access_tokens`
  ADD PRIMARY KEY (`id`),
  ADD UNIQUE KEY `personal_access_tokens_token_unique` (`token`),
  ADD KEY `personal_access_tokens_tokenable_type_tokenable_id_index` (`tokenable_type`,`tokenable_id`);

--
-- Chỉ mục cho bảng `singers`
--
ALTER TABLE `singers`
  ADD PRIMARY KEY (`id`),
  ADD UNIQUE KEY `singers_slug_unique` (`slug`);

--
-- Chỉ mục cho bảng `sliders`
--
ALTER TABLE `sliders`
  ADD PRIMARY KEY (`id`);

--
-- Chỉ mục cho bảng `songs`
--
ALTER TABLE `songs`
  ADD PRIMARY KEY (`id`);

--
-- Chỉ mục cho bảng `users`
--
ALTER TABLE `users`
  ADD PRIMARY KEY (`id`),
  ADD UNIQUE KEY `users_email_unique` (`email`);

--
-- AUTO_INCREMENT cho các bảng đã đổ
--

--
-- AUTO_INCREMENT cho bảng `albums`
--
ALTER TABLE `albums`
  MODIFY `id` bigint UNSIGNED NOT NULL AUTO_INCREMENT, AUTO_INCREMENT=6;

--
-- AUTO_INCREMENT cho bảng `failed_jobs`
--
ALTER TABLE `failed_jobs`
  MODIFY `id` bigint UNSIGNED NOT NULL AUTO_INCREMENT;

--
-- AUTO_INCREMENT cho bảng `lists`
--
ALTER TABLE `lists`
  MODIFY `id` bigint UNSIGNED NOT NULL AUTO_INCREMENT, AUTO_INCREMENT=7;

--
-- AUTO_INCREMENT cho bảng `list_details`
--
ALTER TABLE `list_details`
  MODIFY `id` bigint UNSIGNED NOT NULL AUTO_INCREMENT, AUTO_INCREMENT=16;

--
-- AUTO_INCREMENT cho bảng `menus`
--
ALTER TABLE `menus`
  MODIFY `id` bigint UNSIGNED NOT NULL AUTO_INCREMENT, AUTO_INCREMENT=10;

--
-- AUTO_INCREMENT cho bảng `migrations`
--
ALTER TABLE `migrations`
  MODIFY `id` int UNSIGNED NOT NULL AUTO_INCREMENT, AUTO_INCREMENT=16;

--
-- AUTO_INCREMENT cho bảng `m_v_s`
--
ALTER TABLE `m_v_s`
  MODIFY `id` bigint UNSIGNED NOT NULL AUTO_INCREMENT, AUTO_INCREMENT=7;

--
-- AUTO_INCREMENT cho bảng `personal_access_tokens`
--
ALTER TABLE `personal_access_tokens`
  MODIFY `id` bigint UNSIGNED NOT NULL AUTO_INCREMENT;

--
-- AUTO_INCREMENT cho bảng `singers`
--
ALTER TABLE `singers`
  MODIFY `id` bigint UNSIGNED NOT NULL AUTO_INCREMENT, AUTO_INCREMENT=23;

--
-- AUTO_INCREMENT cho bảng `sliders`
--
ALTER TABLE `sliders`
  MODIFY `id` bigint UNSIGNED NOT NULL AUTO_INCREMENT, AUTO_INCREMENT=3;

--
-- AUTO_INCREMENT cho bảng `songs`
--
ALTER TABLE `songs`
  MODIFY `id` bigint UNSIGNED NOT NULL AUTO_INCREMENT, AUTO_INCREMENT=27;

--
-- AUTO_INCREMENT cho bảng `users`
--
ALTER TABLE `users`
  MODIFY `id` bigint UNSIGNED NOT NULL AUTO_INCREMENT, AUTO_INCREMENT=3;
COMMIT;

/*!40101 SET CHARACTER_SET_CLIENT=@OLD_CHARACTER_SET_CLIENT */;
/*!40101 SET CHARACTER_SET_RESULTS=@OLD_CHARACTER_SET_RESULTS */;
/*!40101 SET COLLATION_CONNECTION=@OLD_COLLATION_CONNECTION */;
